ticker,title,link,pubDate
AAPL,Trump Fires Another Shot at the Fed. The Economy Could Be Collateral Damage.(Barrons.com),https://www.barrons.com/articles/trump-fed-lisa-cook-things-to-know-today-2fee34e4?mod=bar_FV,Today 06:30AM
AAPL,"Apple Watch not a 'CO2-neutral product', German court finds(Reuters)",https://finance.yahoo.com/news/apple-watch-not-co2-neutral-095849936.html,05:58AM
AAPL,Elon Musks xAI files lawsuit against Apple and OpenAI(Verdict),https://finance.yahoo.com/m/ce4844f5-3ea6-3424-8746-96148353a888/elon-musk%E2%80%99s-xai-files-lawsuit.html,05:06AM
AAPL,"Elon Musk Sues Apple, OpenAI Over iPhone AI 'Monopoly'(decrypt)",https://finance.yahoo.com/m/1da7410a-9b8e-3edf-b222-edd85b2b9c23/elon-musk-sues-apple%2C-openai.html,05:01AM
AAPL,Trump threatens tariffs on nations imposing digital taxes on US tech(Euronews),https://finance.yahoo.com/m/845ca7f9-3686-347f-926c-9812cd72bb9c/trump-threatens-tariffs-on.html,04:46AM
AAPL,Heard on the Street Monday Recap: Trumps New Deal(The Wall Street Journal),https://finance.yahoo.com/m/412e2e94-ed25-35f2-a7d0-99d9388b2ae4/heard-on-the-street-monday.html,03:37AM
AAPL,"Elon Musk's xAI sues Apple, OpenAI over competition claims(Reuters Videos)",https://finance.yahoo.com/video/elon-musks-xai-sues-apple-070708112.html,03:07AM
AAPL,Trump vows retaliation against countries proposing digital taxes or regulation on American tech giants(TheStreet),https://finance.yahoo.com/m/ea34f88f-2e75-3d10-b813-673f9172f0ed/trump-vows-retaliation.html,12:14AM
AAPL,The $5.5bn cup of coffee(Financial Times),https://finance.yahoo.com/news/5-5bn-cup-coffee-040026549.html,12:00AM
AAPL,Apple supplier Goertek pivots for AI+AR era with strategic optics push(DigiTimes),https://www.digitimes.com/news/a20250826VL204/goertek-apple-supplier-optics-ar.html,Aug-25-25 10:44PM
AAPL,Jeff Bezos Said He Would Have 'Felt Icky' Had He Taken Any More Shares Of Amazon: 'I Just Didn't Feel Good...'(Benzinga),https://finance.yahoo.com/news/jeff-bezos-said-felt-icky-003109360.html,08:31PM
AAPL,"Google shifts Pixel 10 to AI, TSMC Tensor still trails(DigiTimes)",https://www.digitimes.com/news/a20250825PD211/google-pixel-google-apple-hardware-production.html,06:38PM
AAPL,Elon Musk's xAI sues Apple and OpenAI over AI competition(Quartz),https://finance.yahoo.com/m/7c76a0b4-aa1c-31a7-973c-3f20b827099a/elon-musk%27s-xai-sues-apple.html,04:41PM
AAPL,Elon Musk's xAI sues Apple and OpenAI over App Store rankings(Quartz),https://qz.com/elon-musk-isues-apple-openai,04:41PM
AAPL,"Stock Market Today: Dow Drops, Apple Firm Despite Musk Threat; Cathie Wood Loads Up On This Stock (Live Coverage)(Investor's Business Daily)",https://finance.yahoo.com/m/9e9c9200-2120-369f-8129-81868a8055b6/stock-market-today%3A-dow.html,04:31PM
AAPL,Elon Musk's X & xAI sue Apple & Open AI: What happens next?(Yahoo Finance Video),https://finance.yahoo.com/video/elon-musks-x-xai-sue-202147323.html,04:21PM
AAPL,Apple's Biggest iPhone Overhaul in a Decade Could Redefine the Stock's Next Growth Cycle(GuruFocus.com),https://finance.yahoo.com/news/apples-biggest-iphone-overhaul-decade-201401464.html,04:14PM
AAPL,"Wedbush's Dan Ives: 80% of Musk lawsuit against Apple, OpenAI is 'noise'(CNBC TV)",https://www.youtube.com/watch?v=nqm20xWoNV8,03:48PM
AAPL,"Musk's xAI sues Apple and OpenAI, escalating billionaire's tech feud(LA Times)",https://finance.yahoo.com/m/ab8f3ddf-1911-3363-aa98-4254f2a424eb/musk%27s-xai-sues-apple-and.html,03:45PM
AAPL,Inside Elon Musk's suit against Apple and OpenAI: 'This is a tale of two monopolists'(Yahoo Finance),https://finance.yahoo.com/news/inside-elon-musks-suit-against-apple-and-openai-this-is-a-tale-of-two-monopolists-194043501.html,03:40PM
AAPL,Boring Is Better. These 3 Stocks Prove It.(Barrons.com),https://www.barrons.com/articles/boring-stocks-ai-performance-f2b54f62?mod=bar_FV,03:13PM
AAPL,Why Apple Stock Could Sell Off After iPhone 17 Reveal(Investor's Business Daily),https://www.investors.com/news/technology/apple-stock-could-sell-off-on-iphone-17-reveal-analyst-says?mod=IBD_FV,03:12PM
AAPL,"Elon Musks xAI Sues Apple and OpenAI, Alleging They Are Monopolists(The Wall Street Journal)",https://finance.yahoo.com/m/005feddd-30a5-37f5-b148-c5c90b61f928/elon-musk%E2%80%99s-xai-sues-apple.html,02:51PM
AAPL,Musk sues Apple and ChatGPT maker for conspiring against him(The Telegraph),https://finance.yahoo.com/m/7ed3637d-4bf6-3016-999b-7e45bdac9b00/musk-sues-apple-and-chatgpt.html,02:32PM
AAPL,Alphabet Expands Pixel Portfolio: Is it the Next Revenue Pillar?(Zacks),/news/149174/alphabet-expands-pixel-portfolio-is-it-the-next-revenue-pillar,02:15PM
AAPL,Elon Musk accuses Apple and OpenAI of stifling AI competition in antitrust lawsuit(Associated Press Finance),https://finance.yahoo.com/news/elon-musk-accuses-apple-openai-175849956.html,01:58PM
AAPL,OpenAI says Musk's filing is 'consistent with his ongoing pattern of harassment(CNBC TV),https://www.youtube.com/watch?v=mlTjmSRgJNw,01:48PM
AAPL,"Elon Musks xAI sues Apple and OpenAI, alleging anticompetitive collusion(TechCrunch)",https://finance.yahoo.com/news/elon-musk-xai-sues-apple-173038901.html,01:30PM
AAPL,"Elon Musk Sues Apple, OpenAI(Bloomberg)",https://finance.yahoo.com/video/elon-musk-sues-apple-openai-172947253.html,01:29PM
AAPL,S&P 500 cuts losses as Nvidia climbs ahead of results(Investing.com),https://finance.yahoo.com/news/p-500-cuts-losses-nvidia-172706191.html,01:27PM
AAPL,"Elon Musk sues Apple & OpenAI, Roblox rises, Alphabet's new high(Yahoo Finance Video)",https://finance.yahoo.com/video/elon-musk-sues-apple-openai-171244491.html,01:12PM
AAPL,"Musk's X, xAI Sue Apple, OpenAI for Alleged 'Anticompetitive Scheme'(Investopedia)",https://finance.yahoo.com/m/bb5deb2e-9d2e-3e06-8fd1-36ed0aa6cd96/musk%27s-x%2C-xai-sue-apple%2C.html,01:09PM
AAPL,"Apple iPhone 17 Launch Could Trigger 'Sell The News' Reaction, Analyst Warns(Benzinga)",https://finance.yahoo.com/news/apple-iphone-17-launch-could-164046827.html,12:40PM
AAPL,Musk Sues OpenAI and Apple Over AI Access in App Store(Barrons.com),https://www.barrons.com/articles/musk-sues-openai-apple-b2af6736?mod=bar_FV,12:32PM
AAPL,"American Eagle downgraded, Puma soars, Musk sues Apple & OpenAI(Yahoo Finance Video)",https://finance.yahoo.com/video/american-eagle-downgraded-puma-soars-162526276.html,12:25PM
AAPL,"Musk's xAI sues Apple, OpenAI alleging antitrust violations(AFP)",https://finance.yahoo.com/news/musks-xai-sues-apple-openai-160219817.html,12:02PM
AAPL,"Elon Musks xAI sues Apple and OpenAI over AI competition, App Store rankings(CNN Business)",https://finance.yahoo.com/m/1c6097fa-95e0-37c2-b150-82dc0ed3f6c2/elon-musk%E2%80%99s-xai-sues-apple.html,12:00PM
AAPL,Nasdaq Gets a Boost From the Mag 7(Barrons.com),https://finance.yahoo.com/m/06963d91-d4db-3dfe-8720-ba6963dcca53/nasdaq-gets-a-boost-from-the.html,11:58AM
AAPL,"Elon Musk's X and xAI sue Apple, OpenAI for allegedly violating antitrust law(CNBC TV)",https://www.youtube.com/watch?v=AYJJ9cHXTn0,11:48AM
AAPL,"Elon Musk's xAI Sues Apple, OpenAI, Alleging 'Monopolists' Thwart AI Competition(The Wall Street Journal)",https://www.wsj.com/tech/ai/elon-musks-xai-sues-apple-openai-alleging-monopolists-thwart-ai-competition-683f21b4?mod=wsj_FV,11:38AM
AAPL,Stock Market Today: Dow Fall Ahead Of Nvidia Earnings; Dr Pepper Flashes Sell Signals On $18 Billion Deal (Live Coverage)(Investor's Business Daily),https://finance.yahoo.com/m/9e9c9200-2120-369f-8129-81868a8055b6/stock-market-today%3A-dow-fall.html,10:53AM
AAPL,Can SPOT Maintain Its Growth-Profit Balancing Act Amid Headwinds?(Zacks),/news/149000/can-spot-maintain-its-growth-profit-balancing-act-amid-headwinds,10:51AM
AAPL,BC-Most Active Stocks(Associated Press Finance),https://finance.yahoo.com/news/bc-most-active-stocks-143016639.html,10:30AM
AAPL,"Supermicro, Lambda Expand AI Infrastructure With Nvidia Blackwell-Powered Servers(Benzinga)",https://finance.yahoo.com/news/supermicro-lambda-expand-ai-infrastructure-141925539.html,10:19AM
AAPL,Apple might opt for a curved glassed design for 20th anniversary iPhone(TechCrunch),https://finance.yahoo.com/news/apple-might-opt-curved-glassed-141839738.html,10:18AM
AAPL,"Stock Market Today: Dow Falls Ahead Of Nvidia Earnings, Inflation Data; Palantir Sells Off (Live Coverage)(Investor's Business Daily)",https://finance.yahoo.com/m/9e9c9200-2120-369f-8129-81868a8055b6/stock-market-today%3A-dow-falls.html,09:49AM
AAPL,"Apple Plans Foldable, Curved- Glass iPhones: Report. What It Means for the Stock.(Barrons.com)",https://www.barrons.com/articles/apple-stock-price-iphone-foldable-b4831df0?mod=bar_FV,08:52AM
AAPL,What Is the Highest Apple Stock Has Ever Been?(Motley Fool),/news/148588/what-is-the-highest-apple-stock-has-ever-been,07:37AM
AAPL,Apple is blowing its chance for AI leadership - but what else would you expect?(MarketWatch),https://www.marketwatch.com/story/apple-is-blowing-its-chance-for-ai-leadership-but-what-else-would-you-expect-88bc1ed2?mod=mw_FV,07:35AM
AAPL,Tech Rally Shows Signs of Losing Steam(The Wall Street Journal),https://finance.yahoo.com/m/84960319-deb9-3029-9a5e-306a358e63ff/tech-rally-shows-signs-of.html,Aug-24-25 09:00PM
AAPL,"Prediction: All ""Ten Titans"" Stocks Will Surpass $1 Trillion in Market Cap by 2030(Motley Fool)",/news/148269/prediction-all-ten-titans-stocks-will-surpass-1-trillion-in-market-cap-by-2030,07:12PM
AAPL,India roundup: iPhone production begins in India(DigiTimes),https://www.digitimes.com/news/a20250822VL207/iphone-production-apple-donald-trump-display.html,06:10PM
AAPL,"If you bought Bitcoin instead of every new iPhone, youd have $250M(TheStreet)",https://finance.yahoo.com/m/d8e911e8-aefc-3140-9d4c-4e63e679f161/if-you-bought-bitcoin-instead.html,06:00PM
AAPL,Netflixs KPop Demon Hunters is probably the biggest movie in theaters(TechCrunch),https://finance.yahoo.com/news/netflix-kpop-demon-hunters-probably-195929557.html,03:59PM
AAPL,"Is the Vanguard S&P 500 ETF the Simplest Way to Double Up on ""Ten Titans"" Growth Stocks?(Motley Fool)",/news/148260/is-the-vanguard-sp-500-etf-the-simplest-way-to-double-up-on-ten-titans-growth-stocks,02:32PM
AAPL,Prediction: These 2 Trillion-Dollar Artificial Intelligence (AI) Stocks Could Strike a Megadeal That Wall Street Isn't Ready For(Motley Fool),/news/148253/prediction-these-2-trillion-dollar-artificial-intelligence-ai-stocks-could-strike-a-megadeal-that-wall-street-isnt-ready-for,02:00PM
AAPL,Chinese backer of UK tech takeover accused of military ties(The Telegraph),https://finance.yahoo.com/m/f5f10ce7-c902-38a7-9055-65ed51ceb705/chinese-backer-of-uk-tech.html,12:00PM
AAPL,"The ""Ten Titans"" Stocks Now Make Up 38% of the S&P 500. Here's What It Means for Your Investment Portfolio(Motley Fool)",/news/148238/the-ten-titans-stocks-now-make-up-38-of-the-sp-500-heres-what-it-means-for-your-investment-portfolio,11:00AM
AAPL,"iPhone 17, the thinnest iPhone ever, and everything else were expecting out of Apples hardware event(TechCrunch)",https://finance.yahoo.com/news/iphone-17-thinnest-iphone-ever-162205933.html,10:14AM
AAPL,"Here's How Many Shares of Apple Stock You'd Need for $10,000 in Yearly Dividends(Motley Fool)",/news/148208/heres-how-many-shares-of-apple-stock-youd-need-for-10000-in-yearly-dividends,07:24AM
AAPL,Nvidia will deliver key earnings report this week(TheStreet),https://finance.yahoo.com/m/ab093c16-169f-3d86-b997-71db63d5740f/nvidia-will-deliver-key.html,06:58AM
AAPL,Why Is Warren Buffett Dumping Apple Stock Right Now?(Motley Fool),/news/148203/why-is-warren-buffett-dumping-apple-stock-right-now,06:50AM
AAPL,Best Stock to Buy Right Now: Apple vs. Microsoft(Motley Fool),/news/148192/best-stock-to-buy-right-now-apple-vs-microsoft,05:34AM
AAPL,"Its almost tragic: Bubble or not, the AI backlash is validating what one researcher and critic has been saying for years(Fortune)",https://finance.yahoo.com/news/almost-tragic-bubble-not-ai-080200484.html,04:02AM
AAPL,Warren Buffett's AI Bets: 22% of Berkshire Hathaway's $294 Billion Stock Portfolio Is Held in These 2 Artificial Intelligence Growth Stocks(Motley Fool),/news/148166/warren-buffetts-ai-bets-22-of-berkshire-hathaways-294-billion-stock-portfolio-is-held-in-these-2-artificial-intelligence-growth-stocks,03:45AM
AAPL,No Base iPhone in 2026 as Apple Bets Big on Foldable Launch(Insider Monkey),/news/148121/no-base-iphone-in-2026-as-apple-bets-big-on-foldable-launch,01:22AM
AAPL,3 Breakout Growth Stocks You Can Buy and Hold for the Next Decade(Motley Fool),/news/148091/3-breakout-growth-stocks-you-can-buy-and-hold-for-the-next-decade,Aug-23-25 04:32PM
AAPL,Apple claims an ex-employee stole Apple Watch trade secrets for Oppo(Engadget),https://finance.yahoo.com/m/556838cd-d587-311f-a818-7262fba1b0f1/apple-claims-an-ex-employee.html,02:26PM
AAPL,Should You Buy Nvidia Stock Before August 27?(Barchart),https://finance.yahoo.com/m/64b238cf-6ec3-3d5c-b99d-872af4bbf4a4/should-you-buy-nvidia-stock.html,12:00PM
AAPL,Warren Buffett Is Selling Apple and Bank of America and Piling Into This Beaten Down Value Stock Instead(Motley Fool),/news/148058/warren-buffett-is-selling-apple-and-bank-of-america-and-piling-into-this-beaten-down-value-stock-instead,10:10AM
AAPL,This week in Trumponomics: POTUS is on an investment spree(Yahoo Finance),https://finance.yahoo.com/news/this-week-in-trumponomics-potus-is-on-an-investment-spree-140519231.html,10:05AM
AAPL,This week in Trumponomics: A government hedge fund?(Yahoo Finance),https://finance.yahoo.com/news/this-week-in-trumponomics-a-government-hedge-fund-140519070.html,10:05AM
AAPL,How Tech Is Tackling the New Age-Verification Rules(The Wall Street Journal),https://finance.yahoo.com/m/9253e4c4-bdc1-310c-b360-557fc6bb4bbc/how-tech-is-tackling-the-new.html,08:00AM
AAPL,Foxconns Recall of More Chinese Staff Tests Apples India Push(Bloomberg),https://finance.yahoo.com/news/foxconn-recall-more-chinese-staff-100749024.html,06:07AM
AAPL,"Did Trump save Intel? Not really, analysts say.(Reuters)",https://finance.yahoo.com/news/analysis-did-trump-save-intel-100531693.html,06:05AM
AAPL,Warren Buffett Is Selling Apple Stock Again. Should You Follow His Lead?(Motley Fool),/news/148024/warren-buffett-is-selling-apple-stock-again-should-you-follow-his-lead,05:30AM
AAPL,"Apple sues China's Oppo, ex-engineer over alleged theft of Watch trade secrets(South China Morning Post)",https://finance.yahoo.com/m/376c9019-eb37-340a-b98b-63f36e504479/apple-sues-china%27s-oppo%2C.html,05:30AM
AAPL,Is Apple Stock Your Ticket to Becoming a Millionaire?(Motley Fool),/news/147997/is-apple-stock-your-ticket-to-becoming-a-millionaire,03:48AM
AAPL,Brace for a Second China Shock. Advanced Manufacturing Is at Risk.(Barrons.com),https://www.barrons.com/articles/china-manufacturing-trade-policy-73e988a4?mod=bar_FV,02:30AM
AAPL,Apple (AAPL) off the Hook on Britain's iPhone 'Backdoor' Push(Insider Monkey),/news/147926/apple-aapl-off-the-hook-on-britains-iphone-backdoor-push,Aug-22-25 11:56PM
AAPL,Apple Explores Using Google Gemini AI to Power Siri(Bloomberg),https://finance.yahoo.com/video/apple-explores-using-google-gemini-221752330.html,06:17PM
AAPL,Apple-Google Talks Heating Up Over Siri-Gemini IPhone Agreement?(Investor's Business Daily),https://www.investors.com/news/technology/google-stock-apple-stock-gemini-siri-iphone-agreement?mod=IBD_FV,04:44PM
AAPL,"Apple Looks at Using Gemini for AI, Report Says. Alphabet Stock Jumps.(Barrons.com)",https://finance.yahoo.com/m/049f094f-1caa-3011-af5e-c1620da24036/apple-looks-at-using-gemini.html,04:26PM
AAPL,Stock Market Today: Dow Leaps 800 Points As Powell Bolsters Rate-Cut Hopes; Nvidia Earnings Loom (Live Coverage)(Investor's Business Daily),https://finance.yahoo.com/m/6320a349-d1e8-348a-a817-0efff318f7e3/stock-market-today%3A-dow-leaps.html,04:22PM
AAPL,Apple gets ready for AI in the enterprise with new ChatGPT configuration options(TechCrunch),https://finance.yahoo.com/news/apple-gets-ready-ai-enterprise-200034895.html,04:00PM
AAPL,Apple May Use Google AI to Power Revamped Siri(Bloomberg),https://finance.yahoo.com/video/apple-may-google-ai-power-194816910.html,03:48PM
AAPL,"Ethereum, Gap, Apple: Trending tickers(Yahoo Finance Video)",https://finance.yahoo.com/video/ethereum-gap-apple-trending-tickers-193803093.html,03:38PM
AAPL,"Alphabet hits intraday record high on $10B Meta cloud deal, Apple Gemini talks(CNBC TV)",https://www.youtube.com/watch?v=jTQgWZDfJPw,03:35PM
AAPL,"Apple Looks at Using Gemini for AI, Report Says. Alphabet Stock Hits Record High.(Barrons.com)",https://www.barrons.com/articles/google-stock-price-apple-gemini-ai-b8113279?mod=bar_FV,03:16PM
AAPL,Why Alphabet Stock Popped Friday(Motley Fool),/news/147758/why-alphabet-stock-popped-friday,03:12PM
AAPL,Stock Market Today: Dow Soars 850 Points As Powell Raises Rate-Cut Hopes; Nvidia Earnings Loom (Live Coverage)(Investor's Business Daily),https://finance.yahoo.com/m/6320a349-d1e8-348a-a817-0efff318f7e3/stock-market-today%3A-dow-soars.html,02:38PM
AAPL,"Apple explores using Google Gemini AI to power revamped Siri, reports say(CNBC TV)",https://www.youtube.com/watch?v=tKxj_NkJxiE,02:35PM
AAPL,Hundreds Of Microsoft Employees Just Revealed Their Pay  From $111K To $340K  As Company Fights To Keep AI Talent From Meta(Benzinga),https://finance.yahoo.com/news/hundreds-microsoft-employees-just-revealed-183103012.html,02:31PM
AAPL,"Apple Looks at Using Gemini for AI, Report Says. Alphabet Stock Is Higher.(Barrons.com)",https://www.barrons.com/articles/apple-gemini-ai-siri-b8113279?mod=bar_FV,02:20PM
AAPL,"Apple is in talks to use Googles Gemini for Siri revamp, report says(TechCrunch)",https://finance.yahoo.com/news/apple-talks-google-gemini-siri-181508113.html,02:15PM
AAPL,Apple reportedly wants Googles Gemini to power new Siri(Investing.com),https://finance.yahoo.com/news/apple-reportedly-wants-google-gemini-175419728.html,01:54PM
AAPL,"Apple in talks to use Google's Gemini AI to power revamped Siri, Bloomberg News reports(Reuters)",https://finance.yahoo.com/news/apple-talks-googles-gemini-ai-172230223.html,01:22PM
AAPL,Apple's latest security update directly hits crypto users(TheStreet),https://finance.yahoo.com/m/c701439f-c4e5-356c-baf2-dfe9b66752ed/apple%27s-latest-security.html,01:19PM
AAPL,Apple Explores Using Google Gemini AI to Power Revamped Siri(Bloomberg),https://finance.yahoo.com/news/apple-explores-using-google-gemini-171830169.html,01:18PM
AAPL,Dell Technologies vs. Apple: Which PC Maker Stock is a Better Buy?(Zacks),/news/147656/dell-technologies-vs-apple-which-pc-maker-stock-is-a-better-buy,01:17PM
AMZN,Is Amazon's Golden Goose Turning Into a Red Flag?(Motley Fool),/news/149431/is-amazons-golden-goose-turning-into-a-red-flag,Today 05:35AM
AMZN,3 Things Investors Should Know About the New Deal Between Amazon and Hertz(Motley Fool),/news/149422/3-things-investors-should-know-about-the-new-deal-between-amazon-and-hertz,04:55AM
AMZN,Trump threatens tariffs on nations imposing digital taxes on US tech(Euronews),https://finance.yahoo.com/m/845ca7f9-3686-347f-926c-9812cd72bb9c/trump-threatens-tariffs-on.html,04:46AM
AMZN,"This Beaten-Down Growth Stock Could Soar 32%, According to Wall Street(Motley Fool)",/news/149413/this-beaten-down-growth-stock-could-soar-32-according-to-wall-street,04:23AM
AMZN,Amazon (AMZN) Plans Big Growth for Same-Day Delivery Orders(Insider Monkey),/news/149343/amazon-amzn-plans-big-growth-for-same-day-delivery-orders,Aug-25-25 11:55PM
AMZN,"Trump Vows Export Curbs, Tariffs in Digital Tax Reprisal(Bloomberg)",https://finance.yahoo.com/news/trump-vows-export-curbs-tariffs-011915764.html,09:19PM
AMZN,Jeff Bezos Said He Would Have 'Felt Icky' Had He Taken Any More Shares Of Amazon: 'I Just Didn't Feel Good...'(Benzinga),https://finance.yahoo.com/news/jeff-bezos-said-felt-icky-003109360.html,08:31PM
AMZN,A $10 Billion Reason to Buy This Quantum Computing Stock Now(Barchart),https://finance.yahoo.com/m/dac8d5c4-e0da-32ea-86ca-7f62d4bbbeba/a-%2410-billion-reason-to-buy.html,03:42PM
AMZN,Boring Is Better. These 3 Stocks Prove It.(Barrons.com),https://www.barrons.com/articles/boring-stocks-ai-performance-f2b54f62?mod=bar_FV,03:13PM
AMZN,Amazon Rebounds From Post-Q2 Selloff. Is Amazon Stock A Buy?(Investor's Business Daily),https://www.investors.com/news/technology/amazon-stock-a-buy-sell-august-2025?mod=IBD_FV,03:12PM
AMZN,"Amazon, Meta Among Early Adopters Of Nvidia's Jetson Thor Robotics Platform(Benzinga)",https://finance.yahoo.com/news/amazon-meta-among-early-adopters-165818970.html,12:58PM
AMZN,Dow falls after Friday's rally as investors await Nvidia earnings(MarketWatch),https://www.marketwatch.com/livecoverage/stock-market-today-dow-s-p-500-and-nasdaq-point-to-losses-after-powell-fueled-rally/card/dow-falls-after-friday-s-rally-as-investors-await-nvidia-earnings-CgqpAgI90g3dLCrQtGai?mod=mw_FV,12:49PM
AMZN,"Buy, Sell or Hold Snowflake Stock? Key Tips Ahead of Q2 Earnings(Zacks)",/news/149125/buy-sell-or-hold-snowflake-stock-key-tips-ahead-of-q2-earnings,12:33PM
AMZN,Nasdaq Gets a Boost From the Mag 7(Barrons.com),https://finance.yahoo.com/m/06963d91-d4db-3dfe-8720-ba6963dcca53/nasdaq-gets-a-boost-from-the.html,11:58AM
AMZN,Bill Gates And Jeff Bezos Bet On Robots: FieldAI Hits $2 Billion Valuation After $405 Million Raise Backed By Nvidia(Benzinga),https://finance.yahoo.com/news/bill-gates-jeff-bezos-bet-151614807.html,11:16AM
AMZN,Can SPOT Maintain Its Growth-Profit Balancing Act Amid Headwinds?(Zacks),/news/149000/can-spot-maintain-its-growth-profit-balancing-act-amid-headwinds,10:51AM
AMZN,The Stock Market Needs to Think About the Unthinkable: an Nvidia Disappointment(Barrons.com),https://www.barrons.com/articles/stocks-nvidia-ai-fed-rally-170fc8bc?mod=bar_FV,10:32AM
AMZN,BC-Most Active Stocks(Associated Press Finance),https://finance.yahoo.com/news/bc-most-active-stocks-143016639.html,10:30AM
AMZN,SoundHound vs. BigBear.ai: Which AI Stock Has More Upside Now?(Zacks),/news/148964/soundhound-vs-bigbearai-which-ai-stock-has-more-upside-now,10:18AM
AMZN,AI Chip Boom Sends Aehr Stock Surging As Major Cloud Giant Places Big Test System Order(Benzinga),https://finance.yahoo.com/news/ai-chip-boom-sends-aehr-135512352.html,09:55AM
AMZN,"The Zacks Analyst Blog Highlights NVIDIA, Alphabet, Meta Platforms, Amazon.com and Microsoft(Zacks)",/news/148884/the-zacks-analyst-blog-highlights-nvidia-alphabet-meta-platforms-amazoncom-and-microsoft,09:36AM
AMZN,"Stock Market News for Aug 25, 2025(Zacks)",/news/148824/stock-market-news-for-aug-25-2025,09:25AM
AMZN,"Nvidia, Best Buy, Ulta Beauty and Amazon are part of Zacks Earnings Preview(Zacks)",/news/148784/nvidia-best-buy-ulta-beauty-and-amazon-are-part-of-zacks-earnings-preview,09:04AM
AMZN,"Stock Market Today: Dow Falls Ahead Of Nvidia Earnings, Inflation Data; Palantir Slides (Live Coverage)(Investor's Business Daily)",https://finance.yahoo.com/m/9e9c9200-2120-369f-8129-81868a8055b6/stock-market-today%3A-dow-falls.html,08:53AM
AMZN,Powells rate cut hint puts tech rally to the test(Quartz),https://finance.yahoo.com/m/ce3fa047-661a-3f63-9ee0-8d90b13ea2b9/powell%E2%80%99s-rate-cut-hint-puts.html,08:43AM
AMZN,Jerome Powells rate cut hint puts tech stock rally to the test(Quartz),https://finance.yahoo.com/m/ce3fa047-661a-3f63-9ee0-8d90b13ea2b9/jerome-powell%E2%80%99s-rate-cut-hint.html,08:43AM
AMZN,Is It Too Late to Jump on the Nuclear Bandwagon?(MarketBeat),/news/148612/is-it-too-late-to-jump-on-the-nuclear-bandwagon,08:09AM
AMZN,UPS Stock Continues to Fall in 2025. Is There Room for Recovery?(Motley Fool),/news/148609/ups-stock-continues-to-fall-in-2025-is-there-room-for-recovery,07:45AM
AMZN,"These AI Stocks Face 'Show Me' Moment: Nvidia, Snowflake, Palantir, CoreWeave(Investor's Business Daily)",https://finance.yahoo.com/m/684c930d-1475-3adc-b013-ae604c056ebc/these-ai-stocks-face-%27show.html,07:05AM
AMZN,AI Disruption Fear Sparks Investor Scrutiny of Software Stocks(Bloomberg),https://finance.yahoo.com/news/ai-disruption-fear-sparks-investor-103000758.html,06:30AM
AMZN,"India to tap Amazon, Flipkart data directly in inflation revamp, roll out services index(Reuters)",https://finance.yahoo.com/news/india-tap-amazon-flipkart-data-064921090.html,02:49AM
AMZN,2 Growth Stocks With Sky-High Potential to Hold for Decades(Motley Fool),/news/148270/2-growth-stocks-with-sky-high-potential-to-hold-for-decades,Aug-24-25 07:20PM
AMZN,"Prediction: All ""Ten Titans"" Stocks Will Surpass $1 Trillion in Market Cap by 2030(Motley Fool)",/news/148269/prediction-all-ten-titans-stocks-will-surpass-1-trillion-in-market-cap-by-2030,07:12PM
AMZN,"Is the Vanguard S&P 500 ETF the Simplest Way to Double Up on ""Ten Titans"" Growth Stocks?(Motley Fool)",/news/148260/is-the-vanguard-sp-500-etf-the-simplest-way-to-double-up-on-ten-titans-growth-stocks,02:32PM
AMZN,5 No-Brainer Warren Buffett Stocks to Buy Right Now -- Including Amazon.com(Motley Fool),/news/148251/5-no-brainer-warren-buffett-stocks-to-buy-right-now-including-amazoncom,12:15PM
AMZN,"The ""Ten Titans"" Stocks Now Make Up 38% of the S&P 500. Here's What It Means for Your Investment Portfolio(Motley Fool)",/news/148238/the-ten-titans-stocks-now-make-up-38-of-the-sp-500-heres-what-it-means-for-your-investment-portfolio,11:00AM
AMZN,The Best Growth Stocks I'd Buy Right Now(Motley Fool),/news/148230/the-best-growth-stocks-id-buy-right-now,09:45AM
AMZN,Think Amazon Is Expensive? This 1 Chart Might Change Your Mind.(Motley Fool),/news/148224/think-amazon-is-expensive-this-1-chart-might-change-your-mind,08:41AM
AMZN,3 Stocks That Could Create Lasting Generational Wealth(Motley Fool),/news/148213/3-stocks-that-could-create-lasting-generational-wealth,07:45AM
AMZN,Nvidia will deliver key earnings report this week(TheStreet),https://finance.yahoo.com/m/ab093c16-169f-3d86-b997-71db63d5740f/nvidia-will-deliver-key.html,06:58AM
AMZN,1 Reason to Buy Amazon (AMZN) Stock(Motley Fool),/news/148201/1-reason-to-buy-amazon-amzn-stock,06:45AM
AMZN,AI's Big Leaps Are Slowing. That Could Be a Good Thing(The Wall Street Journal),https://www.wsj.com/tech/ai/ais-big-leaps-are-slowing-that-could-be-a-good-thing-34c87619?mod=wsj_FV,06:30AM
AMZN,"Meta is sinking $10 billion into rural Louisiana to build the home of its wildest AI aspirations, setting the template for the nations grid buildout(Fortune)",https://finance.yahoo.com/news/meta-sinking-10-billion-rural-100000651.html,06:00AM
AMZN,45% of Bill Ackman's $13.7 Billion Stock Portfolio Is Invested in 3 Artificial Intelligence (AI) Stocks(Motley Fool),/news/148185/45-of-bill-ackmans-137-billion-stock-portfolio-is-invested-in-3-artificial-intelligence-ai-stocks,05:00AM
AMZN,3 Genius Artificial Intelligence (AI) Stocks Billionaires Are Buying That You Should Too(Motley Fool),/news/148184/3-genius-artificial-intelligence-ai-stocks-billionaires-are-buying-that-you-should-too,05:00AM
AMZN,Billionaires Bill Ackman and Chase Coleman Are Buying Amazon Stock Hand Over Fist. Should You?(Motley Fool),/news/148180/billionaires-bill-ackman-and-chase-coleman-are-buying-amazon-stock-hand-over-fist-should-you,04:47AM
AMZN,Warren Buffett's AI Bets: 22% of Berkshire Hathaway's $294 Billion Stock Portfolio Is Held in These 2 Artificial Intelligence Growth Stocks(Motley Fool),/news/148166/warren-buffetts-ai-bets-22-of-berkshire-hathaways-294-billion-stock-portfolio-is-held-in-these-2-artificial-intelligence-growth-stocks,03:45AM
AMZN,Amazon AI Chip Executive Joins Arm to Build Complete Chips(Insider Monkey),/news/148115/amazon-ai-chip-executive-joins-arm-to-build-complete-chips,01:19AM
AMZN,"If I Could Only Buy 1 S&P 500 Stock From Each Sector for the Rest of 2025, I'd Go With These 11 Dividend Stocks(Motley Fool)",/news/148095/if-i-could-only-buy-1-sp-500-stock-from-each-sector-for-the-rest-of-2025-id-go-with-these-11-dividend-stocks,Aug-23-25 06:05PM
AMZN,This Billionaire Was Scooping Up Shares of Amazon and Alphabet in Q2. Should Investors Follow Suit and Buy the Stocks?(Motley Fool),/news/148088/this-billionaire-was-scooping-up-shares-of-amazon-and-alphabet-in-q2-should-investors-follow-suit-and-buy-the-stocks,04:07PM
AMZN,Amazon AGI Labs chief defends his reverse acquihire(TechCrunch),https://finance.yahoo.com/news/amazon-agi-labs-chief-defends-200104518.html,04:01PM
AMZN,Suze Orman reveals her favorite stock right now and the investing mistake that shaped her strategy(MarketWatch),https://finance.yahoo.com/m/f443d7a9-6126-3344-812e-947583cc9208/suze-orman-reveals-her.html,02:09PM
AMZN,Better EV Stock: Rivian vs. Tesla(Motley Fool),/news/148076/better-ev-stock-rivian-vs-tesla,12:05PM
AMZN,2 Super Growth Stocks to Buy in Bunches in August(Motley Fool),/news/148063/2-super-growth-stocks-to-buy-in-bunches-in-august,10:35AM
AMZN,For True Diversification: 3 Stocks You Can Buy Now(MarketBeat),/news/148047/for-true-diversification-3-stocks-you-can-buy-now,09:06AM
AMZN,Can the AI data center boom be stopped? Meet some opponents with battle plans.(Yahoo Finance),https://finance.yahoo.com/news/can-the-ai-data-center-boom-be-stopped-meet-some-opponents-with-battle-plans-114837779.html,07:48AM
AMZN,MarketBeat Week in Review - 08/18 - 08/22(MarketBeat),/news/148034/marketbeat-week-in-review-0818-0822,07:00AM
AMZN,"The Best Warren Buffett Stocks to Buy With $1,000 Right Now(Motley Fool)",/news/148029/the-best-warren-buffett-stocks-to-buy-with-1000-right-now,06:05AM
AMZN,Billionaire Bill Ackman Just Bought Nearly $1.3 Billion of This Genius Artificial Intelligence (AI) Pick(Motley Fool),/news/148020/billionaire-bill-ackman-just-bought-nearly-13-billion-of-this-genius-artificial-intelligence-ai-pick,05:00AM
AMZN,Can Investing in Amazon Double Your Money?(Motley Fool),/news/147948/can-investing-in-amazon-double-your-money,03:00AM
AMZN,Amazon.com (AMZN) Ends Support for Appstore in Android and Coins Program(Insider Monkey),/news/147924/amazoncom-amzn-ends-support-for-appstore-in-android-and-coins-program,Aug-22-25 11:57PM
AMZN,"Morgan Stanley on AI: Big Spending, Big Value Creation(Barrons.com)",https://www.barrons.com/articles/morgan-stanley-on-ai-big-spending-big-value-creation-147c799e?mod=bar_FV,07:49PM
AMZN,Is Walmart Stock Clearly the Better Investment Than Target's After Q2 Results?(Zacks),/news/147866/is-walmart-stock-clearly-the-better-investment-than-targets-after-q2-results,07:37PM
AMZN,Nvidia Earnings Loom: Analyzing the Current Earnings Picture(Zacks),/news/147858/nvidia-earnings-loom-analyzing-the-current-earnings-picture,06:12PM
AMZN,Auto & Transport Roundup: Market Talk(The Wall Street Journal),https://finance.yahoo.com/m/a6626519-2dd4-3ee2-90e3-87167ffc45e0/auto-%26-transport-roundup%3A.html,05:20PM
AMZN,E-commerce firm Pattern reveals 35% revenue surge in US IPO filing(Reuters),https://finance.yahoo.com/news/e-commerce-firm-pattern-files-210016928.html,05:00PM
AMZN,Stock Market Today: Dow Leaps 800 Points As Powell Bolsters Rate-Cut Hopes; Nvidia Earnings Loom (Live Coverage)(Investor's Business Daily),https://finance.yahoo.com/m/6320a349-d1e8-348a-a817-0efff318f7e3/stock-market-today%3A-dow-leaps.html,04:22PM
AMZN,Trump said US enforcement of TikTok divestment law may 'extend a little bit longer'(Yahoo Finance),https://finance.yahoo.com/news/trump-said-us-enforcement-of-tiktok-divestment-law-may-extend-a-little-bit-longer-192116858.html,03:21PM
AMZN,"NVIDIA to Post Q2 Earnings: Buy, Hold, or Take Profits?(Zacks)",/news/147791/nvidia-to-post-q2-earnings-buy-hold-or-take-profits,03:00PM
AMZN,FTC Chair Warns Against Weakening Data Protections(Bloomberg),https://finance.yahoo.com/video/ftc-chair-warns-against-weakening-184610386.html,02:46PM
AMZN,Stock Market Today: Dow Soars 850 Points As Powell Raises Rate-Cut Hopes; Nvidia Earnings Loom (Live Coverage)(Investor's Business Daily),https://finance.yahoo.com/m/6320a349-d1e8-348a-a817-0efff318f7e3/stock-market-today%3A-dow-soars.html,02:38PM
AMZN,"Amazon is a tactical winner of potential back-half rate cut, says Wells Fargo's Ken Gawrelski(CNBC TV)",https://www.youtube.com/watch?v=hhZWBjp1Shg,02:35PM
AMZN,Trump says US will take 10% stake in Intel(Yahoo Finance),https://finance.yahoo.com/news/trump-says-us-will-take-10-stake-in-intel-180452265.html,02:04PM
AMZN,"Intel announces $8.9 billion investment from US government, which will own 9.9% of chipmaker(Yahoo Finance)",https://finance.yahoo.com/news/intel-announces-89-billion-investment-from-us-government-which-will-own-99-of-chipmaker-180452175.html,02:04PM
AMZN,"Amazon's Grocery Ambitions Are Enticing. 'Proceed With Caution,' Analyst Says.(Barrons.com)",https://www.barrons.com/articles/amazon-grocery-margins-stock-90b8b5d4?mod=bar_FV,12:56PM
AMZN,AMZN vs. SHOP: Which E-Commerce Stock Has Better Upside Potential?(Zacks),/news/147590/amzn-vs-shop-which-e-commerce-stock-has-better-upside-potential,12:36PM
AMZN,"Tech, Media & Telecom Roundup: Market Talk(The Wall Street Journal)",https://finance.yahoo.com/m/4ef0fbf9-3742-333e-b799-e13ac42f6d07/tech%2C-media-%26-telecom.html,12:30PM
AMZN,Walmart and Other Retailers Have Eaten the Cost of Tariffs. Now It Is the Consumer's Turn.(Barrons.com),https://www.barrons.com/articles/walmart-amazon-retail-tariffs-cae9916e?mod=bar_FV,12:13PM
AMZN,Analysis suggests Amazon Grocery market share gains may be slow(Investing.com),https://finance.yahoo.com/news/analysis-suggests-amazon-grocery-market-161043975.html,12:10PM
AMZN,"Stock Market Today: Dow Jones Surges To All-Time High On Rate Cut Hopes; Nvidia, Palantir Jump (Live Coverage)(Investor's Business Daily)",https://finance.yahoo.com/m/6320a349-d1e8-348a-a817-0efff318f7e3/stock-market-today%3A-dow-jones.html,11:52AM
AMZN,"Amazon lobbies Indian government to exempt exports from foreign investment rules, sources say(Reuters)",https://finance.yahoo.com/news/amazon-lobbies-indian-government-exempt-144617952.html,10:46AM
AMZN,Meta Doubles Down on Superintelligence Investment. Its Good News for AI Stocks.(Barrons.com),https://finance.yahoo.com/m/82075c7e-d513-395a-9d21-025075e9bad8/meta-doubles-down-on.html,10:17AM
AMZN,C3.ai Stock Down 42% in a Month: Should You Buy the Dip?(Zacks),/news/147414/c3ai-stock-down-42-in-a-month-should-you-buy-the-dip,10:04AM
AMZN,"After Earnings Miss, Walmart Is Still a Top Consumer Staples Play(MarketBeat)",/news/147197/after-earnings-miss-walmart-is-still-a-top-consumer-staples-play,09:19AM
AMZN,Can IBM's Focus on Innovative AI Solutions Spur an Uptrend?(Zacks),/news/147235/can-ibms-focus-on-innovative-ai-solutions-spur-an-uptrend,08:47AM
AMZN,Why Amazon is targeting grocery delivery(Chain Store Age),https://chainstoreage.com/why-amazon-targeting-grocery-delivery,08:25AM
AMZN,Suze Orman is known for money advice - now she's sharing her stock picks and biggest investing mistake(MarketWatch),https://www.marketwatch.com/story/suze-orman-is-known-for-money-advice-now-shes-sharing-her-stock-picks-and-biggest-investing-mistake-62fcebbc?mod=mw_FV,07:50AM
AMZN,Walmart Sent a Warning to Stock Markets and the Fed. Why Powell Faces an Inflation Crisis.(Barrons.com),https://www.barrons.com/articles/walmart-stock-markets-fed-powell-things-to-know-today-7f9f6a24?mod=bar_FV,06:52AM
AMZN,"How Amazon, Walmart and T.J. Maxx Are Thriving in the Tariff Economy(The Wall Street Journal)",https://finance.yahoo.com/m/cab24466-a853-372d-8ca7-792878db9da2/how-amazon%2C-walmart-and-t.j..html,06:40AM
AMZN,"Broadcom's AI Push Gains Speed With Microsoft, Meta, And Apple Pouring Billions Into Data Infrastructure(Benzinga)",https://finance.yahoo.com/news/broadcoms-ai-push-gains-speed-103329002.html,06:33AM
AMZN,"Meta's hiring freeze is a Meta problem, not an AI problem(Yahoo Finance)",https://finance.yahoo.com/news/metas-hiring-freeze-is-a-meta-problem-not-an-ai-problem-100025919.html,06:00AM
AMZN,"AMZN Stock Price Prediction: Where Amazon Could Be by 2025, 2026, and 2030(Benzinga)",https://finance.yahoo.com/news/amzn-stock-price-prediction-where-090325450.html,05:03AM
AMZN,"2 Growth Stocks to Invest $1,000 in Right Now(Motley Fool)",/news/146945/2-growth-stocks-to-invest-1000-in-right-now,04:25AM
AMZN,"Workers Lose Out as Stock Buybacks Jump and CEO Pay Skyrockets, Study Says(Barrons.com)",https://www.barrons.com/articles/worker-ceo-pay-stock-buybacks-206ad8f4?mod=bar_FV,04:01AM
AMZN,"Alvarez & Marsal to triple global capability centre headcount in India, top exec says(Reuters)",https://finance.yahoo.com/news/alvarez-marsal-triple-global-capability-044808877.html,12:48AM
AMZN,Walmarts $177 Billion Quarter Falls Short Where Wall Street Cares Most(TheStreet),https://finance.yahoo.com/m/6a9f1e55-04e6-34d6-aa66-2a4a4bcbf464/walmart%E2%80%99s-%24177-billion.html,Aug-21-25 10:42PM
AMZN,The Biggest Retailers Are Thriving in the Tariff Economy(The Wall Street Journal),https://www.wsj.com/business/retail/trump-tariff-retailers-walmart-amazon-tjx-d4933283?mod=wsj_FV,09:00PM
AMZN,"OpenAI CEO joins chorus of industry experts warning about ""AI bubble""(TheStreet)",https://finance.yahoo.com/m/a72acfec-68bd-3847-ad1e-c7f5caef9ce8/openai-ceo-joins-chorus-of.html,08:00PM
AMZN,ESPN Launches New Streaming Service at Key Moment for Television(Barrons.com),https://finance.yahoo.com/m/8ca0d40d-810f-3a1b-a619-3ddcd2acaa3c/espn-launches-new-streaming.html,06:53PM
AMZN,Amazon Ditches Custom OS For Android Fire Tablets(GuruFocus.com),https://finance.yahoo.com/news/amazon-ditches-custom-os-android-215709593.html,05:57PM
NVDA,How Nvidia stock tends to move post-earnings(Yahoo Finance Video),https://finance.yahoo.com/video/nvidia-stock-tends-move-post-103009760.html,Today 06:30AM
NVDA,Futures slip as Trump attack on Fed's Cook shakes investors(Reuters),https://finance.yahoo.com/news/futures-slip-trump-attack-feds-101846729.html,06:18AM
NVDA,Nvidia results to spotlight fallout of China-US trade war(Reuters),https://finance.yahoo.com/news/nvidia-results-spotlight-fallout-china-100657116.html,06:06AM
NVDA,"Nvidia set for $260 billion price swing after earnings, options indicate(Reuters)",https://finance.yahoo.com/news/nvidia-set-260-billion-price-100108300.html,06:01AM
NVDA,"Small caps are finally getting rate cuts, but they might still be left behind(Yahoo Finance)",https://finance.yahoo.com/news/small-caps-are-finally-getting-rate-cuts-but-they-might-still-be-left-behind-100032346.html,06:00AM
NVDA,Why Aug. 27 Could Be a Catalyst-Driven Day for Nvidia's Stock(Motley Fool),/news/149449/why-aug-27-could-be-a-catalyst-driven-day-for-nvidias-stock,05:45AM
NVDA,2 Tech Stocks That Could Go Parabolic(Motley Fool),/news/149450/2-tech-stocks-that-could-go-parabolic,05:45AM
NVDA,"Tech Weekly: Intel's activist investor, Google's new salesman(Reuters Videos)",https://finance.yahoo.com/video/tech-weekly-intels-activist-investor-092047723.html,05:20AM
NVDA,"Global markets down after Trump Fed firing, tariff threats(AFP)",https://finance.yahoo.com/news/asian-stocks-down-trump-fed-025501866.html,05:04AM
NVDA,"These Stocks Are Moving the Most Today: Interactive Brokers, Talen Energy, Palantir, Nvidia, Serina Therapeutics, and More(Barrons.com)",https://www.barrons.com/articles/stock-movers-a52bcac5?mod=bar_FV,04:52AM
NVDA,Global Markets Fall Amid Concerns About Fed Independence(The Wall Street Journal),https://www.wsj.com/finance/stocks/global-markets-fall-amid-concerns-about-fed-independence-54006ad3?mod=wsj_FV,04:28AM
NVDA,"Billionaire Stanley Druckenmiller Sold His Fund's Stakes in Nvidia and Palantir, and Has Piled Into This Essential Artificial Intelligence (AI) Stock Instead(Motley Fool)",/news/149390/billionaire-stanley-druckenmiller-sold-his-funds-stakes-in-nvidia-and-palantir-and-has-piled-into-this-essential-artificial-intelligence-ai-stock-instead,03:51AM
NVDA,"Nvidia Earnings, Inflation Data, Tariff Deadline: What to Watch This Week(The Wall Street Journal)",https://finance.yahoo.com/m/96a2074f-e7b0-39f7-96a5-99a5b0ae27e6/nvidia-earnings%2C-inflation.html,03:43AM
NVDA,Saudis Humain to Open Data Centers With US Chips in 2026(Bloomberg),https://finance.yahoo.com/news/saudi-humain-open-data-centers-172755625.html,01:42AM
NVDA,Earnings To Watch: Nvidia (NVDA) Reports Q2 Results Tomorrow(StockStory),/news/149325/earnings-to-watch-nvidia-nvda-reports-q2-results-tomorrow,Aug-25-25 11:01PM
NVDA,Asian shares decline following Wall Street's dip(Associated Press Finance),https://finance.yahoo.com/news/asian-shares-decline-following-wall-024154262.html,10:41PM
NVDA,Shark Tank's Kevin O'Leary sends harsh message on Intel stock(TheStreet),https://finance.yahoo.com/m/a70540b5-3bd2-3896-af73-1203fec8273e/shark-tank%27s-kevin-o%27leary.html,09:37PM
NVDA,"Stock market today: Dow, S&P 500, Nasdaq futures waver as investors count down to Nvidia earnings(Yahoo Finance)",https://finance.yahoo.com/news/stock-market-today-dow-sp-500-nasdaq-futures-waver-as-investors-count-down-to-nvidia-earnings-230306739.html,07:03PM
NVDA,"Stock market today: Dow, S&P 500, Nasdaq futures TK as investors count down to Nvidia earnings(Yahoo Finance)",https://finance.yahoo.com/news/stock-market-today-dow-sp-500-nasdaq-futures-tk-as-investors-count-down-to-nvidia-earnings-230306186.html,07:03PM
NVDA,"Stock market today: Dow, S&P 500, Nasdaq futures fall as Trump ousts Fed governor(Yahoo Finance)",https://finance.yahoo.com/news/live/stock-market-today-dow-sp-500-nasdaq-futures-fall-as-trump-ousts-fed-governor-230306498.html,07:03PM
NVDA,"Stock market today: Dow, S&P 500, Nasdaq futures creep higher as investors count down to Nvidia earnings(Yahoo Finance)",https://finance.yahoo.com/news/live/stock-market-today-dow-sp-500-nasdaq-futures-creep-higher-as-investors-count-down-to-nvidia-earnings-230306065.html,07:03PM
NVDA,The U.S. Has Created a Stealth Sovereign Wealth Fund. What Comes Next After Intel.(Barrons.com),https://www.barrons.com/articles/trump-intel-chipmakers-sovereign-wealth-baca080d?mod=bar_FV,07:02PM
NVDA,'Fast Money' traders look ahead to Nvidia quarterly results(CNBC TV),https://www.youtube.com/watch?v=DVJO2IhuQZU,06:49PM
NVDA,Taiwan Glass enters AI server supply chain amid transformation challenges(DigiTimes),https://www.digitimes.com/news/a20250825PD223/taiwan-ai-server-fiberglass-cloth-supply-chain-materials.html,06:47PM
NVDA,What a stake in Intel could mean for U.S. taxpayers now and in the future(NBC News),https://finance.yahoo.com/m/d4ef9851-64e0-3bbc-82c7-607f79701175/what-a-stake-in-intel-could.html,06:43PM
NVDA,Nvidia's H20 meets abrupt demise in China(DigiTimes),https://www.digitimes.com/news/a20250825PD210/nvidia-ai-chip-china-market-security.html,06:42PM
NVDA,"Humanoid robots are coming, but hardware may decide how fast(DigiTimes)",https://www.digitimes.com/news/a20250825VL209/nvidia-hardware-adoption-development-2025.html,06:36PM
NVDA,Wall St ends down with focus on Nvidia after last week's rally(Reuters Videos),https://finance.yahoo.com/video/wall-st-ends-down-focus-220524204.html,06:05PM
NVDA,Nvidia's Earnings on Aug. 27: What History Tells Us About Nvidia Stock's Post-Earnings-Release Moves(Motley Fool),/news/149279/nvidias-earnings-on-aug-27-what-history-tells-us-about-nvidia-stocks-post-earnings-release-moves,06:00PM
NVDA,Check Out NVIDIA's Awesome Earnings Chart(Zacks),/news/149300/check-out-nvidias-awesome-earnings-chart,05:54PM
NVDA,"China is still a downside drag on Nvidia, says Plexo Capital's Lo Toney(CNBC TV)",https://www.youtube.com/watch?v=7MHQ6GKhgCY,05:49PM
NVDA,Stocks edge downwards after rallying on US rate hopes(AFP),https://finance.yahoo.com/news/asian-markets-rise-us-rate-025446919.html,05:10PM
NVDA,S&P 500 Gains and Losses Today: Index Pulls Back After Friday's Fed-Fueled Rally(Investopedia),https://finance.yahoo.com/m/dfdfc978-971b-30db-93a7-3d61f40fe8d6/s%26p-500-gains-and-losses.html,05:07PM
NVDA,Nvidia earnings: How big of a risk is China uncertainty?(Yahoo Finance Video),https://finance.yahoo.com/video/nvidia-earnings-big-risk-china-210712202.html,05:07PM
NVDA,"Earnings live: PDD Holdings stock falls after hours, Wolfspeed gains as Nvidia's earnings countdown begins(Yahoo Finance)",https://finance.yahoo.com/news/live/earnings-live-pdd-holdings-stock-falls-after-hours-wolfspeed-gains-as-nvidias-earnings-countdown-begins-210418244.html,05:04PM
NVDA,Palantir CEO Alex Karp Sells More than $60 Million in Stock(Barrons.com),https://www.barrons.com/articles/palantir-stock-price-ceo-alex-karp-sale-527a8e28?mod=bar_FV,04:54PM
NVDA,Stocks Fall as Investors Await Nvidia | Closing Bell(Bloomberg),https://finance.yahoo.com/video/stocks-fall-investors-await-nvidia-204408779.html,04:44PM
NVDA,"These Stocks Are Moving the Most Today: Intel, Keurig Dr Pepper, Wayfair, Strategy, Nvidia, Vital Energy, and More(Barrons.com)",https://finance.yahoo.com/m/1a04fb41-577f-3609-8448-e1c12134668a/these-stocks-are-moving-the.html,04:41PM
NVDA,Stock market braces for Nvidia earnings as S&P 500 struggles to extend Jackson Hole rally(MarketWatch),https://www.marketwatch.com/story/stock-market-braces-for-nvidia-earnings-as-s-p-500-struggles-to-extend-jackson-hole-rally-3da76254?mod=mw_FV,04:40PM
NVDA,More Bulls Boost Nvidia Targets as Expectations Climb Ahead of Earnings(Investopedia),https://finance.yahoo.com/m/8a0283de-9368-3859-8aef-4886cb458aea/more-bulls-boost-nvidia.html,04:38PM
NVDA,NVIDIA Earnings: Key Metrics to Watch(Zacks),/news/149264/nvidia-earnings-key-metrics-to-watch,04:32PM
NVDA,"Stock Market Today: Dow Drops, Apple Firm Despite Musk Threat; Cathie Wood Loads Up On This Stock (Live Coverage)(Investor's Business Daily)",https://finance.yahoo.com/m/9e9c9200-2120-369f-8129-81868a8055b6/stock-market-today%3A-dow.html,04:31PM
NVDA,Dow Drops Triple Digits as Investors Eye Nvidia Earnings(Schaeffer's Research),/news/149238/dow-drops-triple-digits-as-investors-eye-nvidia-earnings,04:29PM
NVDA,The Stock Market Needs to Think About the Unthinkable: A Disappointment From Nvidia(Barrons.com),https://finance.yahoo.com/m/dfd30703-d1e1-3cb2-8833-64c283e8efa5/the-stock-market-needs-to.html,04:10PM
NVDA,"Stocks, Bonds Pause Rally Ahead of Inflation Data, Nvidia Earnings(Barrons.com)",https://www.barrons.com/livecoverage/stock-market-news-today-082525/card/stocks-bonds-pause-rally-ahead-of-inflation-data-nvidia-earnings-xUYUCUWlBTzzuWaCTMnb?mod=bar_FV,04:04PM
NVDA,"Stock market today: Dow slides from record, S&P 500, Nasdaq fall with Nvidia earnings looming(Yahoo Finance)",https://finance.yahoo.com/news/live/stock-market-today-dow-slides-from-record-sp-500-nasdaq-fall-with-nvidia-earnings-looming-200049241.html,04:00PM
NVDA,"Stock market today: Dow slides from record, S&P 500 falls with Nvidia earnings looming(Yahoo Finance)",https://finance.yahoo.com/news/live/stock-market-today-dow-slides-from-record-sp-500-falls-with-nvidia-earnings-looming-200049504.html,04:00PM
NVDA,Nvidia Launches Jetson Thor Robotics Platform(GuruFocus.com),https://finance.yahoo.com/news/nvidia-launches-jetson-thor-robotics-194820799.html,03:48PM
NVDA,"Wedbush's Dan Ives: 80% of Musk lawsuit against Apple, OpenAI is 'noise'(CNBC TV)",https://www.youtube.com/watch?v=nqm20xWoNV8,03:48PM
NVDA,"Saudi's Humain to launch data centers with US chips in early 2026, Bloomberg News reports(Reuters)",https://finance.yahoo.com/news/saudis-humain-launch-data-centers-191120430.html,03:11PM
NVDA,"Government's Intel stake highlights risks of 'deals-based capitalism,' former Treasury Secretary says(Yahoo Finance)",https://finance.yahoo.com/news/governments-intel-stake-highlights-risks-of-deals-based-capitalism-former-treasury-secretary-says-191116741.html,03:11PM
NVDA,Tempus AI or Butterfly: Which AI Health Tech Stock is a Buy Now?(Zacks),/news/149182/tempus-ai-or-butterfly-which-ai-health-tech-stock-is-a-buy-now,03:00PM
NVDA,Veteran analyst offers bold take on stocks after rare signal(TheStreet),https://finance.yahoo.com/m/bd2d72e2-6c53-3639-91c8-ca08f258547a/veteran-analyst-offers-bold.html,02:58PM
NVDA,Another Earnings Report to Watch This Week (Besides Nvidia)(Schaeffer's Research),/news/149164/another-earnings-report-to-watch-this-week-besides-nvidia,02:58PM
NVDA,Why Nvidia's Earnings Matter for the Markets(Barrons.com),https://www.barrons.com/livecoverage/stock-market-news-today-082525/card/why-nvidia-earnings-matter-for-the-markets-WSd7f7FyK8VXDTfhfg0s?mod=bar_FV,02:52PM
NVDA,Nvidia's Big Week: Earnings Loom as China Deal Clears Path(GuruFocus.com),https://finance.yahoo.com/news/nvidias-big-week-earnings-loom-183817580.html,02:38PM
NVDA,Nvidia Faces New China Risks -- Should Investors Stay the Course?(Motley Fool),/news/149165/nvidia-faces-new-china-risks-should-investors-stay-the-course,02:37PM
NVDA,"Saudi AI firm Humain breaks ground on first data centers, seeks U.S. chips(Investing.com)",https://finance.yahoo.com/news/saudi-ai-firm-humain-breaks-182746178.html,02:27PM
NVDA,AVGO's Strong Portfolio Drives Up Semiconductor Sales: What's Ahead?(Zacks),/news/149171/avgos-strong-portfolio-drives-up-semiconductor-sales-whats-ahead,02:10PM
NVDA,"Nvidia stock rises, Fabrinet upgrade, Vital Energy surges(Yahoo Finance Video)",https://finance.yahoo.com/video/nvidia-stock-rises-fabrinet-upgrade-180542579.html,02:05PM
NVDA,Nvidia Stock May See Its Biggest Post-Earnings Move in a Year This Week(Investopedia),https://finance.yahoo.com/m/32ae1e39-0066-3f2f-8986-591fef42337f/nvidia-stock-may-see-its.html,02:05PM
NVDA,"Stock market today: Dow, S&P 500, Nasdaq waver after record-setting surge as Nvidia earnings loom(Yahoo Finance)",https://finance.yahoo.com/news/live/stock-market-today-dow-sp-500-nasdaq-waver-after-record-setting-surge-as-nvidia-earnings-loom-133205668.html,01:57PM
NVDA,Susquehanna's Chris Murphy gives his read on Nvidia ahead of earnings(CNBC TV),https://www.youtube.com/watch?v=NS97qPEa6Mw,01:48PM
NVDA,Nvidia earnings: 'Overpriced optimism' is a 'legitimate risk'(Yahoo Finance Video),https://finance.yahoo.com/video/nvidia-earnings-overpriced-optimism-legitimate-173000027.html,01:30PM
NVDA,S&P 500 cuts losses as Nvidia climbs ahead of results(Investing.com),https://finance.yahoo.com/news/p-500-cuts-losses-nvidia-172706191.html,01:27PM
NVDA,Trump signals Intel deal could be one of 'many more cases' as White House explores broader investment push(Yahoo Finance),https://finance.yahoo.com/news/trump-signals-intel-deal-could-be-one-of-many-more-cases-as-white-house-explores-broader-investment-push-171838802.html,01:18PM
NVDA,"Amazon, Meta Among Early Adopters Of Nvidia's Jetson Thor Robotics Platform(Benzinga)",https://finance.yahoo.com/news/amazon-meta-among-early-adopters-165818970.html,12:58PM
NVDA,"TSX lower, suffers pullback from record high on rate cut hopes(Investing.com)",https://finance.yahoo.com/news/tsx-lower-suffers-pullback-record-165806651.html,12:58PM
NVDA,Dow falls after Friday's rally as investors await Nvidia earnings(MarketWatch),https://www.marketwatch.com/livecoverage/stock-market-today-dow-s-p-500-and-nasdaq-point-to-losses-after-powell-fueled-rally/card/dow-falls-after-friday-s-rally-as-investors-await-nvidia-earnings-CgqpAgI90g3dLCrQtGai?mod=mw_FV,12:49PM
NVDA,"The AI bull run has a few years of legs left to run, says Intelligent Alpha's Doug Clinton(CNBC TV)",https://www.youtube.com/watch?v=nTSlp-u0p6s,12:48PM
NVDA,"AI Stock Averaging 185% Growth Joins Nvidia, Google On Elite List - And Pops Into Buy Range(Investor's Business Daily)",https://www.investors.com/research/how-to-find-the-best-stocks-to-buy/applovin-stock-joins-nvidia-palantir-new-buys-by-top-funds?mod=IBD_FV,12:47PM
NVDA,China Warns Against Nvidia H20 Chips: Here's Why That Won't Stop the AI Leader(Motley Fool),/news/149092/china-warns-against-nvidia-h20-chips-heres-why-that-wont-stop-the-ai-leader,12:41PM
NVDA,"Buy, Sell or Hold Snowflake Stock? Key Tips Ahead of Q2 Earnings(Zacks)",/news/149125/buy-sell-or-hold-snowflake-stock-key-tips-ahead-of-q2-earnings,12:33PM
NVDA,"MRVL to Post Q2 Earnings: Time to Buy, Sell or Hold the Stock?(Zacks)",/news/149126/mrvl-to-post-q2-earnings-time-to-buy-sell-or-hold-the-stock,12:32PM
NVDA,"Nvidia to report second quarter earnings, expecting $8 billion hit from China chip ban(Yahoo Finance)",https://finance.yahoo.com/news/nvidia-to-report-second-quarter-earnings-expecting-8-billion-hit-from-china-chip-ban-162719043.html,12:27PM
NVDA,Elon Musk's Biggest AI Fear Isn't GoogleIt's China(Benzinga),https://finance.yahoo.com/news/elon-musks-biggest-ai-fear-162035426.html,12:20PM
NVDA,Nvidia Stock Gets Price-Target Hikes Ahead Of Quarterly Report(Investor's Business Daily),https://www.investors.com/news/technology/nvidia-stock-nvda-q2-2026-earnings-preview?mod=IBD_FV,11:50AM
NVDA,"Nvidia's China business will 'all work out' as the country is in need, says Melius' Ben Reitzes(CNBC TV)",https://www.youtube.com/watch?v=Gq7BQAc6Rss,11:48AM
NVDA,Nvidia earnings preview: China sales and AI hype tested(Quartz),https://finance.yahoo.com/m/81fd39b5-3b9c-3ac6-8c43-95367547dc9c/nvidia-earnings-preview%3A.html,11:47AM
NVDA,"Top Stock Movers Now: Keurig Dr Pepper, RH, Intel, and More(Investopedia)",https://finance.yahoo.com/m/8c4d0bfa-8b6d-31c2-a34d-a89f2f316c5f/top-stock-movers-now%3A-keurig.html,11:35AM
NVDA,Bear of the Day: Baidu (BIDU)(Zacks),/news/149050/bear-of-the-day-baidu-bidu,11:34AM
NVDA,Trump gets a fallen icon in Intel: Opening Bid top takeaway(Yahoo Finance),https://finance.yahoo.com/news/trump-gets-a-fallen-icon-in-intel-opening-bid-top-takeaway-151752309.html,11:17AM
NVDA,Bill Gates And Jeff Bezos Bet On Robots: FieldAI Hits $2 Billion Valuation After $405 Million Raise Backed By Nvidia(Benzinga),https://finance.yahoo.com/news/bill-gates-jeff-bezos-bet-151614807.html,11:16AM
NVDA,Nvidia Releases a Smarter Robot Brain Called Jetson Thor(Barrons.com),https://www.barrons.com/articles/nvidia-ai-robotics-jetson-thor-7b533f24?mod=bar_FV,11:00AM
NVDA,"NVIDIA Blackwell-Powered Jetson Thor Now Available, Accelerating the Age of General Robotics(GlobeNewswire)",/news/148951/nvidia-blackwell-powered-jetson-thor-now-available-accelerating-the-age-of-general-robotics,11:00AM
NVDA,Stock Market Today: Dow Fall Ahead Of Nvidia Earnings; Dr Pepper Flashes Sell Signals On $18 Billion Deal (Live Coverage)(Investor's Business Daily),https://finance.yahoo.com/m/9e9c9200-2120-369f-8129-81868a8055b6/stock-market-today%3A-dow-fall.html,10:53AM
NVDA,"Shares of Intel, Nvidia buoy Nasdaq(MarketWatch)",https://www.marketwatch.com/livecoverage/stock-market-today-dow-s-p-500-and-nasdaq-point-to-losses-after-powell-fueled-rally/card/shares-of-intel-nvidia-buoy-nasdaq-I0M9k90hKKwJ1bIRqciH?mod=mw_FV,10:45AM
NVDA,HPQ Set to Report Q3 Earnings: What's in Store for the Stock?(Zacks),/news/148995/hpq-set-to-report-q3-earnings-whats-in-store-for-the-stock,10:38AM
NVDA,The Stock Market Needs to Think About the Unthinkable: an Nvidia Disappointment(Barrons.com),https://www.barrons.com/articles/stocks-nvidia-ai-fed-rally-170fc8bc?mod=bar_FV,10:32AM
NVDA,BC-Most Active Stocks(Associated Press Finance),https://finance.yahoo.com/news/bc-most-active-stocks-143016639.html,10:30AM
NVDA,Pre-Markets in the Red to Start a Fresh Week(Zacks),/news/148986/pre-markets-in-the-red-to-start-a-fresh-week,10:27AM
NVDA,AI Demand and Datacenter Momentum to Lift NVIDIA's Q2 Earnings(Zacks),/news/148963/ai-demand-and-datacenter-momentum-to-lift-nvidias-q2-earnings,10:20AM
NVDA,"Supermicro, Lambda Expand AI Infrastructure With Nvidia Blackwell-Powered Servers(Benzinga)",https://finance.yahoo.com/news/supermicro-lambda-expand-ai-infrastructure-141925539.html,10:19AM
NVDA,Nvidia Near Key Level As Analysts Raise The Bar Ahead Of Earnings; Is Nvidia A Buy Or Sell Now?(Investor's Business Daily),https://finance.yahoo.com/m/c7a71d44-ca36-3145-8059-aa11fbe2f86f/nvidia-near-key-level-as.html,10:18AM
NVDA,"Intel stock little changed after Trump says, 'I love seeing their stock price go up'(Yahoo Finance)",https://finance.yahoo.com/news/intel-stock-little-changed-after-trump-says-i-love-seeing-their-stock-price-go-up-140400445.html,10:04AM
NVDA,"Stock Market Today: Dow Falls Ahead Of Nvidia Earnings, Inflation Data; Palantir Sells Off (Live Coverage)(Investor's Business Daily)",https://www.investors.com/market-trend/stock-market-today/dow-jones-sp500-nasdaq-nvidia-earnings-inflation-data-palantir-pltr-stock?mod=IBD_FV,09:52AM
NVDA,"Stifel bumps Nvidia stock target, sees attractive valuation(Investing.com)",https://finance.yahoo.com/news/stifel-bumps-nvidia-stock-target-135004080.html,09:50AM
NVDA,"The Zacks Analyst Blog Highlights NVIDIA, Cisco and Linde(Zacks)",/news/148900/the-zacks-analyst-blog-highlights-nvidia-cisco-and-linde,09:45AM
NVDA,"The Zacks Analyst Blog Highlights NVIDIA, Alphabet, Meta Platforms, Amazon.com and Microsoft(Zacks)",/news/148884/the-zacks-analyst-blog-highlights-nvidia-alphabet-meta-platforms-amazoncom-and-microsoft,09:36AM
NVDA,"Stock market today: Dow, S&P 500, Nasdaq slip after record-setting surge as Nvidia earnings loom(Yahoo Finance)",https://finance.yahoo.com/news/live/stock-market-today-dow-sp-500-nasdaq-slip-after-record-setting-surge-as-nvidia-earnings-loom-133205126.html,09:32AM
GOOGL,Ex-MiniMax co-founder's new venture aims to challenge Tencent and Google in 3D AI models(South China Morning Post),https://finance.yahoo.com/news/ex-minimax-co-founders-venture-093000956.html,Today 05:30AM
GOOGL,"Tech Weekly: Intel's activist investor, Google's new salesman(Reuters Videos)",https://finance.yahoo.com/video/tech-weekly-intels-activist-investor-092047723.html,05:20AM
GOOGL,Trump Vows to Retaliate Over Taxes on Tech Giants(The Wall Street Journal),https://finance.yahoo.com/m/ee303300-e1ea-3d12-9a31-a5db59deb57c/trump-vows-to-retaliate-over.html,04:58AM
GOOGL,Trump threatens tariffs on nations imposing digital taxes on US tech(Euronews),https://finance.yahoo.com/m/845ca7f9-3686-347f-926c-9812cd72bb9c/trump-threatens-tariffs-on.html,04:46AM
GOOGL,Alphabet Inc. (GOOGL): A Bull Case Theory(Insider Monkey),/news/149400/alphabet-inc-googl-a-bull-case-theory,04:15AM
GOOGL,"Prediction: This Unstoppable Stock Will Join Nvidia, Microsoft, and Apple in the $3 Trillion Club Before 2028(Motley Fool)",/news/149379/prediction-this-unstoppable-stock-will-join-nvidia-microsoft-and-apple-in-the-3-trillion-club-before-2028,03:02AM
GOOGL,Trump vows retaliation against countries proposing digital taxes or regulation on American tech giants(TheStreet),https://finance.yahoo.com/m/ea34f88f-2e75-3d10-b813-673f9172f0ed/trump-vows-retaliation.html,12:14AM
GOOGL,Stifel Keeps Buy on Alphabet (GOOGL) After Made by Google Event(Insider Monkey),/news/149342/stifel-keeps-buy-on-alphabet-googl-after-made-by-google-event,Aug-25-25 11:55PM
GOOGL,Asian shares decline following Wall Street's dip(Associated Press Finance),https://finance.yahoo.com/news/asian-shares-decline-following-wall-024154262.html,10:41PM
GOOGL,"China-Linked Hackers Targeted Diplomats in Asia, Google Says(Bloomberg)",https://finance.yahoo.com/news/china-linked-hackers-targeted-diplomats-022838847.html,10:28PM
GOOGL,Trump Threatens New Tariffs on Countries That Tax Tech Companies(The Wall Street Journal),https://finance.yahoo.com/m/8f355fba-02f9-3ab5-beac-6d10bde72990/trump-threatens-new-tariffs.html,09:49PM
GOOGL,Trump threatens more tariffs for countries with digital taxes(Reuters),https://finance.yahoo.com/news/trump-threatens-more-tariffs-countries-013710815.html,09:37PM
GOOGL,Corrections & Amplifications(The Wall Street Journal),https://finance.yahoo.com/m/977d6a6c-381f-3b90-afa7-02dd7ecf3ceb/corrections-%26-amplifications.html,07:47PM
GOOGL,Fox channels may go dark on YouTube TV from Wednesday over payment dispute(Reuters),https://finance.yahoo.com/news/fox-channels-may-dark-youtube-231023924.html,07:10PM
GOOGL,"Google shifts Pixel 10 to AI, TSMC Tensor still trails(DigiTimes)",https://www.digitimes.com/news/a20250825PD211/google-pixel-google-apple-hardware-production.html,06:38PM
GOOGL,Perplexity AI Unveils $42.5M Publisher Payout Amid Lawsuits and $34.5B Chrome Bid(GuruFocus.com),https://finance.yahoo.com/news/perplexity-ai-unveils-42-5m-203004966.html,04:30PM
GOOGL,"AI Stock Averaging 185% Growth Joins Nvidia, Google On Elite List  And Pops Into Buy Range(Investor's Business Daily)",https://finance.yahoo.com/m/7cc7d68c-1c4e-311e-9f28-02534b38aeb3/ai-stock-averaging-185%25.html,04:00PM
GOOGL,A $10 Billion Reason to Buy This Quantum Computing Stock Now(Barchart),https://finance.yahoo.com/m/dac8d5c4-e0da-32ea-86ca-7f62d4bbbeba/a-%2410-billion-reason-to-buy.html,03:42PM
GOOGL,Inside Elon Musk's suit against Apple and OpenAI: 'This is a tale of two monopolists'(Yahoo Finance),https://finance.yahoo.com/news/inside-elon-musks-suit-against-apple-and-openai-this-is-a-tale-of-two-monopolists-194043501.html,03:40PM
GOOGL,Boring Is Better. These 3 Stocks Prove It.(Barrons.com),https://www.barrons.com/articles/boring-stocks-ai-performance-f2b54f62?mod=bar_FV,03:13PM
GOOGL,Another Earnings Report to Watch This Week (Besides Nvidia)(Schaeffer's Research),/news/149164/another-earnings-report-to-watch-this-week-besides-nvidia,02:58PM
GOOGL,Alphabet Stock Rises as Reports Hint at Google AI Powering Future Siri(GuruFocus.com),https://finance.yahoo.com/news/alphabet-stock-rises-reports-hint-184258839.html,02:42PM
GOOGL,Google will require developer verification for Android apps outside the Play Store(TechCrunch),https://finance.yahoo.com/news/google-require-developer-verification-android-182312306.html,02:23PM
GOOGL,NotebookLMs Video Overviews feature now supports 80 languages(TechCrunch),https://finance.yahoo.com/news/notebooklm-video-overview-feature-now-181757280.html,02:17PM
GOOGL,Alphabet Expands Pixel Portfolio: Is it the Next Revenue Pillar?(Zacks),/news/149174/alphabet-expands-pixel-portfolio-is-it-the-next-revenue-pillar,02:15PM
GOOGL,"Final Trades: Alphabet, Lockheed Martin, Valero Energy and the IXP(CNBC TV)",https://www.youtube.com/watch?v=3wK26Dp9Hg4,01:48PM
GOOGL,Stock Market Today: Dow Falls; RH Skids On Trump Furniture Move; Bitcoin Play Flashes Sell Signal As Crypto Drops (Live Coverage)(Investor's Business Daily),https://finance.yahoo.com/m/9e9c9200-2120-369f-8129-81868a8055b6/stock-market-today%3A-dow.html,01:37PM
GOOGL,Alphabet Inc. (GOOGL): Jim Cramer Changes His Mind About Quantum Computing Potential(Insider Monkey),/news/149119/alphabet-inc-googl-jim-cramer-changes-his-mind-about-quantum-computing-potential,01:23PM
GOOGL,"Elon Musk sues Apple & OpenAI, Roblox rises, Alphabet's new high(Yahoo Finance Video)",https://finance.yahoo.com/video/elon-musk-sues-apple-openai-171244491.html,01:12PM
GOOGL,Dow falls after Friday's rally as investors await Nvidia earnings(MarketWatch),https://www.marketwatch.com/livecoverage/stock-market-today-dow-s-p-500-and-nasdaq-point-to-losses-after-powell-fueled-rally/card/dow-falls-after-friday-s-rally-as-investors-await-nvidia-earnings-CgqpAgI90g3dLCrQtGai?mod=mw_FV,12:49PM
GOOGL,Elon Musk's Biggest AI Fear Isn't GoogleIt's China(Benzinga),https://finance.yahoo.com/news/elon-musks-biggest-ai-fear-162035426.html,12:20PM
GOOGL,MSFT Rides on AI Strategy: Can Rising CapEx Drive Future Growth?(Zacks),/news/149095/msft-rides-on-ai-strategy-can-rising-capex-drive-future-growth,12:08PM
GOOGL,Nasdaq Gets a Boost From the Mag 7(Barrons.com),https://finance.yahoo.com/m/06963d91-d4db-3dfe-8720-ba6963dcca53/nasdaq-gets-a-boost-from-the.html,11:58AM
GOOGL,BC-Most Active Stocks(Associated Press Finance),https://finance.yahoo.com/news/bc-most-active-stocks-143016639.html,10:30AM
GOOGL,"Supermicro, Lambda Expand AI Infrastructure With Nvidia Blackwell-Powered Servers(Benzinga)",https://finance.yahoo.com/news/supermicro-lambda-expand-ai-infrastructure-141925539.html,10:19AM
GOOGL,SoundHound vs. BigBear.ai: Which AI Stock Has More Upside Now?(Zacks),/news/148964/soundhound-vs-bigbearai-which-ai-stock-has-more-upside-now,10:18AM
GOOGL,AI Chip Boom Sends Aehr Stock Surging As Major Cloud Giant Places Big Test System Order(Benzinga),https://finance.yahoo.com/news/ai-chip-boom-sends-aehr-135512352.html,09:55AM
GOOGL,"Alphabet has one of the best LLMs out there in Gemini, says Evercore ISI's Mark Mahaney(CNBC TV)",https://www.youtube.com/watch?v=A1x9yeOVd60,09:48AM
GOOGL,The Zacks Analyst Blog Highlights Oracle and Alphabet(Zacks),/news/148883/the-zacks-analyst-blog-highlights-oracle-and-alphabet,09:40AM
GOOGL,"The Zacks Analyst Blog Highlights NVIDIA, Alphabet, Meta Platforms, Amazon.com and Microsoft(Zacks)",/news/148884/the-zacks-analyst-blog-highlights-nvidia-alphabet-meta-platforms-amazoncom-and-microsoft,09:36AM
GOOGL,Massive News for Google Stock Investors(Motley Fool),/news/148745/massive-news-for-google-stock-investors,09:27AM
GOOGL,"Stock Market News for Aug 25, 2025(Zacks)",/news/148824/stock-market-news-for-aug-25-2025,09:25AM
GOOGL,"Apple Plans Foldable, Curved- Glass iPhones: Report. What It Means for the Stock.(Barrons.com)",https://www.barrons.com/articles/apple-stock-price-iphone-foldable-b4831df0?mod=bar_FV,08:52AM
GOOGL,Powells rate cut hint puts tech rally to the test(Quartz),https://finance.yahoo.com/m/ce3fa047-661a-3f63-9ee0-8d90b13ea2b9/powell%E2%80%99s-rate-cut-hint-puts.html,08:43AM
GOOGL,Jerome Powells rate cut hint puts tech stock rally to the test(Quartz),https://finance.yahoo.com/m/ce3fa047-661a-3f63-9ee0-8d90b13ea2b9/jerome-powell%E2%80%99s-rate-cut-hint.html,08:43AM
GOOGL,1 Top Artificial Intelligence (AI) Stock Ready for a Bull Run(Motley Fool),/news/148653/1-top-artificial-intelligence-ai-stock-ready-for-a-bull-run,08:30AM
GOOGL,"These AI Stocks Face 'Show Me' Moment: Nvidia, Snowflake, Palantir, CoreWeave(Investor's Business Daily)",https://finance.yahoo.com/m/684c930d-1475-3adc-b013-ae604c056ebc/these-ai-stocks-face-%27show.html,07:05AM
GOOGL,AI Disruption Fear Sparks Investor Scrutiny of Software Stocks(Bloomberg),https://finance.yahoo.com/news/ai-disruption-fear-sparks-investor-103000758.html,06:30AM
GOOGL,3 Phenomenal Artificial Intelligence (AI) Stocks to Buy Right Now(Motley Fool),/news/148466/3-phenomenal-artificial-intelligence-ai-stocks-to-buy-right-now,05:45AM
GOOGL,These 5 AI Stocks Could Be Smart Buys for Long-Term Investors(Motley Fool),/news/148383/these-5-ai-stocks-could-be-smart-buys-for-long-term-investors,04:36AM
GOOGL,This Artificial Intelligence (AI) Stock Looks Dirt Cheap Right Now(Motley Fool),/news/148341/this-artificial-intelligence-ai-stock-looks-dirt-cheap-right-now,03:45AM
GOOGL,Weekly news roundup: Huawei found to use outdated 5nm; Google launches 270M AI model; China's new E-Beam tool(DigiTimes),https://www.digitimes.com/news/a20250825VL203/digitimes-asia-huawei-5nm-2025-google.html,Aug-24-25 10:52PM
GOOGL,Alphabet Just Scored Big With Meta: Is GOOGL Stock Poised for Another Leg Higher?(Motley Fool),/news/148279/alphabet-just-scored-big-with-meta-is-googl-stock-poised-for-another-leg-higher,09:45PM
GOOGL,Tech Rally Shows Signs of Losing Steam(The Wall Street Journal),https://finance.yahoo.com/m/84960319-deb9-3029-9a5e-306a358e63ff/tech-rally-shows-signs-of.html,09:00PM
GOOGL,Morningstar | A Weekly Summary of Stock Ideas and Developments in the Companies We Cover(Morningstar Research),https://finance.yahoo.com/m/97f1a095-58a9-3b8e-a5fb-2526ac948e62/morningstar-%7C-a-weekly.html,07:14PM
GOOGL,"Prediction: All ""Ten Titans"" Stocks Will Surpass $1 Trillion in Market Cap by 2030(Motley Fool)",/news/148269/prediction-all-ten-titans-stocks-will-surpass-1-trillion-in-market-cap-by-2030,07:12PM
GOOGL,"The Smartest Growth Stock to Buy With $1,000 Right Now(Motley Fool)",/news/148266/the-smartest-growth-stock-to-buy-with-1000-right-now,07:06PM
GOOGL,"'Some Studios Wont Survive' as AI Takes Over Gaming, Says Google Cloud Exec(decrypt)",https://finance.yahoo.com/m/3b6f8d05-8492-3d6f-a829-f8e54a58befc/%27some-studios-won%E2%80%99t-survive%27.html,05:01PM
GOOGL,"Is the Vanguard S&P 500 ETF the Simplest Way to Double Up on ""Ten Titans"" Growth Stocks?(Motley Fool)",/news/148260/is-the-vanguard-sp-500-etf-the-simplest-way-to-double-up-on-ten-titans-growth-stocks,02:32PM
GOOGL,2 No-Brainer AI Stocks to Buy Right Now(Motley Fool),/news/148244/2-no-brainer-ai-stocks-to-buy-right-now,11:30AM
GOOGL,"The ""Ten Titans"" Stocks Now Make Up 38% of the S&P 500. Here's What It Means for Your Investment Portfolio(Motley Fool)",/news/148238/the-ten-titans-stocks-now-make-up-38-of-the-sp-500-heres-what-it-means-for-your-investment-portfolio,11:00AM
GOOGL,3 Top Artificial Intelligence (AI) Stocks to Buy for the Rest of 2025 and Beyond(Motley Fool),/news/148209/3-top-artificial-intelligence-ai-stocks-to-buy-for-the-rest-of-2025-and-beyond,07:30AM
GOOGL,"Got $3,000? 2 Artificial Intelligence (AI) Stocks to Buy and Hold for the Long Term.(Motley Fool)",/news/148200/got-3000-2-artificial-intelligence-ai-stocks-to-buy-and-hold-for-the-long-term,06:30AM
GOOGL,"Meta is sinking $10 billion into rural Louisiana to build the home of its wildest AI aspirations, setting the template for the nations grid buildout(Fortune)",https://finance.yahoo.com/news/meta-sinking-10-billion-rural-100000651.html,06:00AM
GOOGL,1 Bargain Artificial Intelligence (AI) Stock You Can't Afford to Miss(Motley Fool),/news/148186/1-bargain-artificial-intelligence-ai-stock-you-cant-afford-to-miss,05:15AM
GOOGL,45% of Bill Ackman's $13.7 Billion Stock Portfolio Is Invested in 3 Artificial Intelligence (AI) Stocks(Motley Fool),/news/148185/45-of-bill-ackmans-137-billion-stock-portfolio-is-invested-in-3-artificial-intelligence-ai-stocks,05:00AM
GOOGL,"Its almost tragic: Bubble or not, the AI backlash is validating what one researcher and critic has been saying for years(Fortune)",https://finance.yahoo.com/news/almost-tragic-bubble-not-ai-080200484.html,04:02AM
GOOGL,"If I Could Only Buy 1 S&P 500 Stock From Each Sector for the Rest of 2025, I'd Go With These 11 Dividend Stocks(Motley Fool)",/news/148095/if-i-could-only-buy-1-sp-500-stock-from-each-sector-for-the-rest-of-2025-id-go-with-these-11-dividend-stocks,Aug-23-25 06:05PM
GOOGL,3 Breakout Growth Stocks You Can Buy and Hold for the Next Decade(Motley Fool),/news/148091/3-breakout-growth-stocks-you-can-buy-and-hold-for-the-next-decade,04:32PM
GOOGL,This Billionaire Was Scooping Up Shares of Amazon and Alphabet in Q2. Should Investors Follow Suit and Buy the Stocks?(Motley Fool),/news/148088/this-billionaire-was-scooping-up-shares-of-amazon-and-alphabet-in-q2-should-investors-follow-suit-and-buy-the-stocks,04:07PM
GOOGL,Businesses bringing back recession specials could be the latest sign of deteriorating consumer sentiment(NBC News),https://finance.yahoo.com/m/6fb8f18f-50f3-32b1-a099-089579a8e681/businesses-bringing-back.html,03:00PM
GOOGL,Google's Generative AI Pioneer Warns Against Going To Law And Medical School Because Of AI. 'Focus On Just Living In The World'(Benzinga),https://finance.yahoo.com/news/googles-generative-ai-pioneer-warns-180111609.html,02:01PM
GOOGL,Better EV Stock: Rivian vs. Tesla(Motley Fool),/news/148076/better-ev-stock-rivian-vs-tesla,12:05PM
GOOGL,Credit Fuels the AI Boom  and Fears of a Bubble(Bloomberg),https://finance.yahoo.com/news/credit-fuels-ai-boom-fears-153316716.html,11:33AM
GOOGL,Billions of People a Day Will be Talking to ChatGPT: OpenAIs Sam Altman Says Theyre On A Clear Path To Beat Facebook in Traffic(Barchart),https://finance.yahoo.com/m/7239e834-f438-3e52-ad9b-8c9a7958d646/%E2%80%98billions-of-people-a-day.html,08:00AM
GOOGL,How Tech Is Tackling the New Age-Verification Rules(The Wall Street Journal),https://finance.yahoo.com/m/9253e4c4-bdc1-310c-b360-557fc6bb4bbc/how-tech-is-tackling-the-new.html,08:00AM
GOOGL,Can the AI data center boom be stopped? Meet some opponents with battle plans.(Yahoo Finance),https://finance.yahoo.com/news/can-the-ai-data-center-boom-be-stopped-meet-some-opponents-with-battle-plans-114837779.html,07:48AM
GOOGL,3 No-Brainer Growth Stocks to Buy Right Now(Motley Fool),/news/148039/3-no-brainer-growth-stocks-to-buy-right-now,07:46AM
GOOGL,3 Top Quantum Computing Stocks to Buy in 2025(Motley Fool),/news/148026/3-top-quantum-computing-stocks-to-buy-in-2025,05:50AM
GOOGL,Alphabet's (GOOGL) Settles on Tennessee for Nuclear Power Plant amid AI Power Demands(Insider Monkey),/news/147922/alphabets-googl-settles-on-tennessee-for-nuclear-power-plant-amid-ai-power-demands,Aug-22-25 11:57PM
GOOGL,Bernstein Reiterates Market Perform on Alphabet (GOOGL) Amid AI Competition(Insider Monkey),/news/147878/bernstein-reiterates-market-perform-on-alphabet-googl-amid-ai-competition,09:40PM
GOOGL,"Morgan Stanley on AI: Big Spending, Big Value Creation(Barrons.com)",https://www.barrons.com/articles/morgan-stanley-on-ai-big-spending-big-value-creation-147c799e?mod=bar_FV,07:49PM
GOOGL,Meta partners with Midjourney to license AI tech for future products(Reuters),https://finance.yahoo.com/news/meta-partners-midjourney-license-ai-225658453.html,06:56PM
GOOGL,Apple Explores Using Google Gemini AI to Power Siri(Bloomberg),https://finance.yahoo.com/video/apple-explores-using-google-gemini-221752330.html,06:17PM
GOOGL,Meta partners with Midjourney on AI image and video models(TechCrunch),https://finance.yahoo.com/news/meta-partners-midjourney-ai-image-214131243.html,05:41PM
GOOGL,"Stocks to Watch Recap: Tesla, Carnival, Intuit, Nvidia(The Wall Street Journal)",https://finance.yahoo.com/m/bc0e5c8b-0d55-3427-9999-8207fbeb2e01/stocks-to-watch-recap%3A-tesla%2C.html,05:08PM
GOOGL,"Stocks to Watch Recap: Intuit, Nvidia, Workday, Zoom(The Wall Street Journal)",https://finance.yahoo.com/m/bc0e5c8b-0d55-3427-9999-8207fbeb2e01/stocks-to-watch-recap%3A.html,05:08PM
GOOGL,OpenAI To Open First Office In India(GuruFocus.com),https://finance.yahoo.com/news/openai-open-first-office-india-210015363.html,05:00PM
GOOGL,Apple-Google Talks Heating Up Over Siri-Gemini IPhone Agreement?(Investor's Business Daily),https://www.investors.com/news/technology/google-stock-apple-stock-gemini-siri-iphone-agreement?mod=IBD_FV,04:44PM
GOOGL,Alphabet's Breakout Potential: From Laggard to AI Leader(MarketBeat),/news/147818/alphabets-breakout-potential-from-laggard-to-ai-leader,04:43PM
GOOGL,"Apple Looks at Using Gemini for AI, Report Says. Alphabet Stock Jumps.(Barrons.com)",https://finance.yahoo.com/m/049f094f-1caa-3011-af5e-c1620da24036/apple-looks-at-using-gemini.html,04:26PM
GOOGL,Stock Market Today: Dow Leaps 800 Points As Powell Bolsters Rate-Cut Hopes; Nvidia Earnings Loom (Live Coverage)(Investor's Business Daily),https://finance.yahoo.com/m/6320a349-d1e8-348a-a817-0efff318f7e3/stock-market-today%3A-dow-leaps.html,04:22PM
GOOGL,Apple May Use Google AI to Power Revamped Siri(Bloomberg),https://finance.yahoo.com/video/apple-may-google-ai-power-194816910.html,03:48PM
GOOGL,"Alphabet hits intraday record high on $10B Meta cloud deal, Apple Gemini talks(CNBC TV)",https://www.youtube.com/watch?v=jTQgWZDfJPw,03:35PM
GOOGL,"Apple Looks at Using Gemini for AI, Report Says. Alphabet Stock Hits Record High.(Barrons.com)",https://www.barrons.com/articles/google-stock-price-apple-gemini-ai-b8113279?mod=bar_FV,03:16PM
GOOGL,Why Alphabet Stock Popped Friday(Motley Fool),/news/147758/why-alphabet-stock-popped-friday,03:12PM
GOOGL,"NVIDIA to Post Q2 Earnings: Buy, Hold, or Take Profits?(Zacks)",/news/147791/nvidia-to-post-q2-earnings-buy-hold-or-take-profits,03:00PM
GOOGL,"Meta Stock Rebounds After Google AI Cloud Deal, Fed Chair Comments(Investor's Business Daily)",https://www.investors.com/news/technology/meta-stock-ai-google-facebook-fed?mod=IBD_FV,02:54PM
GOOGL,Stock Market Today: Dow Soars 850 Points As Powell Raises Rate-Cut Hopes; Nvidia Earnings Loom (Live Coverage)(Investor's Business Daily),https://finance.yahoo.com/m/6320a349-d1e8-348a-a817-0efff318f7e3/stock-market-today%3A-dow-soars.html,02:38PM
GOOGL,"Apple explores using Google Gemini AI to power revamped Siri, reports say(CNBC TV)",https://www.youtube.com/watch?v=tKxj_NkJxiE,02:35PM
MSFT,Nvidia results to spotlight fallout of China-US trade war(Reuters),https://finance.yahoo.com/news/nvidia-results-spotlight-fallout-china-100657116.html,Today 06:06AM
MSFT,Trump threatens tariffs on nations imposing digital taxes on US tech(Euronews),https://finance.yahoo.com/m/845ca7f9-3686-347f-926c-9812cd72bb9c/trump-threatens-tariffs-on.html,04:46AM
MSFT,"LinkedIn deepens video ad push, taps more publishers and creators to spur growth(Reuters)",https://finance.yahoo.com/news/linkedin-deepens-video-ad-push-220215224.html,Aug-25-25 06:02PM
MSFT,Elon Musk's xAI Rolls Out 'Macrohard' To Challenge Microsoft(GuruFocus.com),https://finance.yahoo.com/news/elon-musks-xai-rolls-macrohard-213607618.html,05:36PM
MSFT,"AI Stock Averaging 185% Growth Joins Nvidia, Google On Elite List  And Pops Into Buy Range(Investor's Business Daily)",https://finance.yahoo.com/m/7cc7d68c-1c4e-311e-9f28-02534b38aeb3/ai-stock-averaging-185%25.html,04:00PM
MSFT,A $10 Billion Reason to Buy This Quantum Computing Stock Now(Barchart),https://finance.yahoo.com/m/dac8d5c4-e0da-32ea-86ca-7f62d4bbbeba/a-%2410-billion-reason-to-buy.html,03:42PM
MSFT,Boring Is Better. These 3 Stocks Prove It.(Barrons.com),https://finance.yahoo.com/m/1a019fd3-85db-3049-8391-ae42699c2d23/boring-is-better.-these-3.html,03:13PM
MSFT,"Should You Buy, Hold, or Sell CrowdStrike Stock Ahead of Q2 Earnings?(Zacks)",/news/149181/should-you-buy-hold-or-sell-crowdstrike-stock-ahead-of-q2-earnings,03:00PM
MSFT,Why Nvidia's Earnings Matter for the Markets(Barrons.com),https://finance.yahoo.com/m/4022e3ba-4587-3437-955c-c705b98c470d/why-nvidia%27s-earnings-matter.html,02:52PM
MSFT,8 Growth Stocks to Buy That Arent Technology. What Makes Them Worth It.(Barrons.com),https://finance.yahoo.com/m/0a6f74f0-0e90-35fb-a3fa-89f6edde8c9a/8-growth-stocks-to-buy-that.html,02:26PM
MSFT,HUBS' Subscription Revenues Rise: Will the Momentum Continue?(Zacks),/news/149175/hubs-subscription-revenues-rise-will-the-momentum-continue,02:12PM
MSFT,Microsoft Corporation (MSFT) Is Up 19% Since Jim Cramer's Quantum Computing Comments(Insider Monkey),/news/149116/microsoft-corporation-msft-is-up-19-since-jim-cramers-quantum-computing-comments,01:23PM
MSFT,"Buy, Sell or Hold Snowflake Stock? Key Tips Ahead of Q2 Earnings(Zacks)",/news/149125/buy-sell-or-hold-snowflake-stock-key-tips-ahead-of-q2-earnings,12:33PM
MSFT,MSFT Rides on AI Strategy: Can Rising CapEx Drive Future Growth?(Zacks),/news/149095/msft-rides-on-ai-strategy-can-rising-capex-drive-future-growth,12:08PM
MSFT,Nasdaq Gets a Boost From the Mag 7(Barrons.com),https://finance.yahoo.com/m/06963d91-d4db-3dfe-8720-ba6963dcca53/nasdaq-gets-a-boost-from-the.html,11:58AM
MSFT,Elon Musk starts new AI company Macrohard to rival Microsoft(Quartz),https://finance.yahoo.com/m/9011765e-8a9a-3ab2-b846-c48dec582312/elon-musk-starts-new-ai.html,10:50AM
MSFT,The Stock Market Needs to Think About the Unthinkable: an Nvidia Disappointment(Barrons.com),https://www.barrons.com/articles/stocks-nvidia-ai-fed-rally-170fc8bc?mod=bar_FV,10:32AM
MSFT,BC-Most Active Stocks(Associated Press Finance),https://finance.yahoo.com/news/bc-most-active-stocks-143016639.html,10:30AM
MSFT,"Supermicro, Lambda Expand AI Infrastructure With Nvidia Blackwell-Powered Servers(Benzinga)",https://finance.yahoo.com/news/supermicro-lambda-expand-ai-infrastructure-141925539.html,10:19AM
MSFT,AI Chip Boom Sends Aehr Stock Surging As Major Cloud Giant Places Big Test System Order(Benzinga),https://finance.yahoo.com/news/ai-chip-boom-sends-aehr-135512352.html,09:55AM
MSFT,"The Zacks Analyst Blog Highlights NVIDIA, Alphabet, Meta Platforms, Amazon.com and Microsoft(Zacks)",/news/148884/the-zacks-analyst-blog-highlights-nvidia-alphabet-meta-platforms-amazoncom-and-microsoft,09:36AM
MSFT,Patch Tuesday Highlights Microsoft's Growing Security Edge(MarketBeat),/news/148557/patch-tuesday-highlights-microsofts-growing-security-edge,07:51AM
MSFT,5 Blue-Chip Stocks to Buy as the Dow Achieves New Milestones(Zacks),/news/148648/5-blue-chip-stocks-to-buy-as-the-dow-achieves-new-milestones,07:44AM
MSFT,"Buy Cisco on Strong Guidance, Estimate Revisions and Short-Term Upside(Zacks)",/news/148650/buy-cisco-on-strong-guidance-estimate-revisions-and-short-term-upside,07:42AM
MSFT,"These AI Stocks Face 'Show Me' Moment: Nvidia, Snowflake, Palantir, CoreWeave(Investor's Business Daily)",https://finance.yahoo.com/m/684c930d-1475-3adc-b013-ae604c056ebc/these-ai-stocks-face-%27show.html,07:05AM
MSFT,AI Disruption Fear Sparks Investor Scrutiny of Software Stocks(Bloomberg),https://finance.yahoo.com/news/ai-disruption-fear-sparks-investor-103000758.html,06:30AM
MSFT,Tempus to acquire AI digital pathology company Paige(Medical Device Network),https://finance.yahoo.com/m/affbe14a-ef60-35c4-b4df-f51a78b76596/tempus-to-acquire-ai-digital.html,05:02AM
MSFT,These 5 AI Stocks Could Be Smart Buys for Long-Term Investors(Motley Fool),/news/148383/these-5-ai-stocks-could-be-smart-buys-for-long-term-investors,04:36AM
MSFT,Bill Gates partners with SK Group to advance South Korea's SMR ecosystem as global competition rises(DigiTimes),https://www.digitimes.com/news/a20250825PD225/sk-group-microsoft-nuclear-development-commercial.html,12:23AM
MSFT,Tech Rally Shows Signs of Losing Steam(The Wall Street Journal),https://finance.yahoo.com/m/84960319-deb9-3029-9a5e-306a358e63ff/tech-rally-shows-signs-of.html,Aug-24-25 09:00PM
MSFT,"Prediction: All ""Ten Titans"" Stocks Will Surpass $1 Trillion in Market Cap by 2030(Motley Fool)",/news/148269/prediction-all-ten-titans-stocks-will-surpass-1-trillion-in-market-cap-by-2030,07:12PM
MSFT,"The Nasdaq Just Reached a Terrifying Valuation Level, and History Is Very Clear About What Happens Next(Motley Fool)",/news/148265/the-nasdaq-just-reached-a-terrifying-valuation-level-and-history-is-very-clear-about-what-happens-next,06:30PM
MSFT,"Is the Vanguard S&P 500 ETF the Simplest Way to Double Up on ""Ten Titans"" Growth Stocks?(Motley Fool)",/news/148260/is-the-vanguard-sp-500-etf-the-simplest-way-to-double-up-on-ten-titans-growth-stocks,02:32PM
MSFT,2 No-Brainer AI Stocks to Buy Right Now(Motley Fool),/news/148244/2-no-brainer-ai-stocks-to-buy-right-now,11:30AM
MSFT,Want AI Exposure With Less Volatility? This Stock Is a Top Choice.(Motley Fool),/news/148241/want-ai-exposure-with-less-volatility-this-stock-is-a-top-choice,11:19AM
MSFT,"The ""Ten Titans"" Stocks Now Make Up 38% of the S&P 500. Here's What It Means for Your Investment Portfolio(Motley Fool)",/news/148238/the-ten-titans-stocks-now-make-up-38-of-the-sp-500-heres-what-it-means-for-your-investment-portfolio,11:00AM
MSFT,3 Top Artificial Intelligence (AI) Stocks to Buy for the Rest of 2025 and Beyond(Motley Fool),/news/148209/3-top-artificial-intelligence-ai-stocks-to-buy-for-the-rest-of-2025-and-beyond,07:30AM
MSFT,Nvidia will deliver key earnings report this week(TheStreet),https://finance.yahoo.com/m/ab093c16-169f-3d86-b997-71db63d5740f/nvidia-will-deliver-key.html,06:58AM
MSFT,AI's Big Leaps Are Slowing. That Could Be a Good Thing(The Wall Street Journal),https://www.wsj.com/tech/ai/ais-big-leaps-are-slowing-that-could-be-a-good-thing-34c87619?mod=wsj_FV,06:30AM
MSFT,"Meta is sinking $10 billion into rural Louisiana to build the home of its wildest AI aspirations, setting the template for the nations grid buildout(Fortune)",https://finance.yahoo.com/news/meta-sinking-10-billion-rural-100000651.html,06:00AM
MSFT,Best Stock to Buy Right Now: Apple vs. Microsoft(Motley Fool),/news/148192/best-stock-to-buy-right-now-apple-vs-microsoft,05:34AM
MSFT,2 Artificial Intelligence Stocks You Can Buy and Hold for the Next Decade(Motley Fool),/news/148176/2-artificial-intelligence-stocks-you-can-buy-and-hold-for-the-next-decade,04:30AM
MSFT,"Its almost tragic: Bubble or not, the AI backlash is validating what one researcher and critic has been saying for years(Fortune)",https://finance.yahoo.com/news/almost-tragic-bubble-not-ai-080200484.html,04:02AM
MSFT,Microsoft Corporation (MSFT) Sees Nearly 29% Upside as Truist Lifts Target(Insider Monkey),/news/148117/microsoft-corporation-msft-sees-nearly-29-upside-as-truist-lifts-target,01:20AM
MSFT,2 Soaring Growth Stocks to Buy and Hold Forever(Motley Fool),/news/148097/2-soaring-growth-stocks-to-buy-and-hold-forever,Aug-23-25 06:10PM
MSFT,"Elon Musk's xAI To Simulate Software Giants Like Microsoft, Calling It 'Macrohard'(Benzinga)",https://finance.yahoo.com/news/elon-musks-xai-simulate-software-184623629.html,02:46PM
MSFT,Suze Orman reveals her favorite stock right now and the investing mistake that shaped her strategy(MarketWatch),https://finance.yahoo.com/m/f443d7a9-6126-3344-812e-947583cc9208/suze-orman-reveals-her.html,02:09PM
MSFT,Should You Buy Nvidia Stock Before August 27?(Barchart),https://finance.yahoo.com/m/64b238cf-6ec3-3d5c-b99d-872af4bbf4a4/should-you-buy-nvidia-stock.html,12:00PM
MSFT,Can the AI data center boom be stopped? Meet some opponents with battle plans.(Yahoo Finance),https://finance.yahoo.com/news/can-the-ai-data-center-boom-be-stopped-meet-some-opponents-with-battle-plans-114837779.html,07:48AM
MSFT,3 No-Brainer Growth Stocks to Buy Right Now(Motley Fool),/news/148039/3-no-brainer-growth-stocks-to-buy-right-now,07:46AM
MSFT,MarketBeat Week in Review - 08/18 - 08/22(MarketBeat),/news/148034/marketbeat-week-in-review-0818-0822,07:00AM
MSFT,"MS Global Franchise Portfolio Exits UnitedHealth Group Inc, Impacting Portfolio by -3.33%(GuruFocus.com)",https://finance.yahoo.com/news/ms-global-franchise-portfolio-exits-080026256.html,04:00AM
MSFT,Microsoft (MSFT) and NFL Expand AI Partnership to Revolutionize Game and Operations(Insider Monkey),/news/147928/microsoft-msft-and-nfl-expand-ai-partnership-to-revolutionize-game-and-operations,Aug-22-25 11:56PM
MSFT,"Morgan Stanley on AI: Big Spending, Big Value Creation(Barrons.com)",https://www.barrons.com/articles/morgan-stanley-on-ai-big-spending-big-value-creation-147c799e?mod=bar_FV,07:49PM
MSFT,OpenAI Loses Top HR Exec Amid Talent Battle(GuruFocus.com),https://finance.yahoo.com/news/openai-loses-top-hr-exec-215536289.html,05:55PM
MSFT,Zoom Has Biggest Rally in a Year After Strong Forecast(Bloomberg),https://finance.yahoo.com/news/zoom-biggest-rally-strong-forecast-202105274.html,04:21PM
MSFT,Trump said US enforcement of TikTok divestment law may 'extend a little bit longer'(Yahoo Finance),https://finance.yahoo.com/news/trump-said-us-enforcement-of-tiktok-divestment-law-may-extend-a-little-bit-longer-192116858.html,03:21PM
MSFT,Robinhood kicks off football season with new prediction markets(Yahoo Finance Video),https://finance.yahoo.com/video/robinhood-kicks-off-football-season-190000481.html,03:00PM
MSFT,"NVIDIA to Post Q2 Earnings: Buy, Hold, or Take Profits?(Zacks)",/news/147791/nvidia-to-post-q2-earnings-buy-hold-or-take-profits,03:00PM
MSFT,Tempus AI Expands Into Digital Pathology With Paige Acquisition(Benzinga),https://finance.yahoo.com/news/tempus-ai-expands-digital-pathology-183839855.html,02:38PM
MSFT,Hundreds Of Microsoft Employees Just Revealed Their Pay  From $111K To $340K  As Company Fights To Keep AI Talent From Meta(Benzinga),https://finance.yahoo.com/news/hundreds-microsoft-employees-just-revealed-183103012.html,02:31PM
MSFT,Trump says US will take 10% stake in Intel(Yahoo Finance),https://finance.yahoo.com/news/trump-says-us-will-take-10-stake-in-intel-180452265.html,02:04PM
MSFT,Rubrik rival Netskope files for a Nasdaq IPO(Investing.com),https://finance.yahoo.com/news/rubrik-rival-netskope-files-nasdaq-174630820.html,01:46PM
MSFT,"Spot The Next Palantir, Nvidia Or Hot IPO With This Stock Screener(Investor's Business Daily)",https://finance.yahoo.com/m/92008cf0-81a0-38d1-8127-09eb140e0b64/spot-the-next-palantir%2C.html,01:30PM
MSFT,"Billionaire Stanley Druckenmiller Just Dumped Tesla and Piled Into a ""Magnificent Seven"" Stock That's Crushing the Stock Market This Year(Motley Fool)",/news/147543/billionaire-stanley-druckenmiller-just-dumped-tesla-and-piled-into-a-magnificent-seven-stock-thats-crushing-the-stock-market-this-year,12:38PM
MSFT,"Buy, Sell or Hold OKTA Stock? Key Tips Ahead of Q2 Earnings(Zacks)",/news/147551/buy-sell-or-hold-okta-stock-key-tips-ahead-of-q2-earnings,12:06PM
MSFT,"Intuit Q4 Earnings Surpass Estimates, Revenues Increase Y/Y(Zacks)",/news/147542/intuit-q4-earnings-surpass-estimates-revenues-increase-yy,11:56AM
MSFT,Learn How This Technical Analysis Indicator Helps You Avoid False Sell Signals(Barchart),https://finance.yahoo.com/m/0981bbff-115c-3aa6-8725-e9288de145e6/learn-how-this-technical.html,10:22AM
MSFT,Meta Doubles Down on 'Superintelligence' Investment. It's Good News for AI Stocks.(Barrons.com),https://www.barrons.com/articles/meta-platforms-stock-price-ai-trade-59900407?mod=bar_FV,10:17AM
MSFT,C3.ai Stock Down 42% in a Month: Should You Buy the Dip?(Zacks),/news/147414/c3ai-stock-down-42-in-a-month-should-you-buy-the-dip,10:04AM
MSFT,Lucid Is Doing a 1 for 10 Reverse Stock Split. What That Means for Shares.(Barrons.com),https://finance.yahoo.com/m/e7bea019-1419-365c-93c4-974b97422531/lucid-is-doing-a-1-for-10.html,10:01AM
MSFT,Here's Munro Global Growth Fund's Stock Story on Microsoft (MSFT)(Insider Monkey),/news/147223/heres-munro-global-growth-funds-stock-story-on-microsoft-msft,09:44AM
MSFT,Can IBM's Focus on Innovative AI Solutions Spur an Uptrend?(Zacks),/news/147235/can-ibms-focus-on-innovative-ai-solutions-spur-an-uptrend,08:47AM
MSFT,"If I Could Only Buy and Hold a Single Stock, This Would Be It(Motley Fool)",/news/147187/if-i-could-only-buy-and-hold-a-single-stock-this-would-be-it,08:45AM
MSFT,Best Buy promotes teen art with Microsoft collaboration(Chain Store Age),https://chainstoreage.com/best-buy-promotes-teen-art-microsoft-collaboration,08:25AM
MSFT,"Nvidia's China Trouble Could Slash Billions From Revenue, Analysts Warn(Benzinga)",https://finance.yahoo.com/news/nvidias-china-trouble-could-slash-115501006.html,07:55AM
MSFT,Suze Orman is known for money advice - now she's sharing her stock picks and biggest investing mistake(MarketWatch),https://www.marketwatch.com/story/suze-orman-is-known-for-money-advice-now-shes-sharing-her-stock-picks-and-biggest-investing-mistake-62fcebbc?mod=mw_FV,07:50AM
MSFT,"Google Lands $10 Billion-Plus Cloud Deal With Meta Focused on AI, Reports Say(Investopedia)",https://finance.yahoo.com/m/3fdc70fb-1f0d-3ef6-9a8f-d2a1cae630ea/google-lands-%2410-billion-plus.html,07:44AM
MSFT,"Broadcom's AI Push Gains Speed With Microsoft, Meta, And Apple Pouring Billions Into Data Infrastructure(Benzinga)",https://finance.yahoo.com/news/broadcoms-ai-push-gains-speed-103329002.html,06:33AM
MSFT,Investors zero in on Nvidia results as US tech stocks waver(Reuters),https://finance.yahoo.com/news/investors-zero-nvidia-results-us-101052967.html,06:10AM
MSFT,"Meta's hiring freeze is a Meta problem, not an AI problem(Yahoo Finance)",https://finance.yahoo.com/news/metas-hiring-freeze-is-a-meta-problem-not-an-ai-problem-100025919.html,06:00AM
MSFT,RingCentral adds AI with AIR Everywhere(Verdict),https://finance.yahoo.com/m/d6093b63-25e2-3916-be12-6a625f83f828/ringcentral-adds-ai-with-air.html,04:41AM
MSFT,Why CrowdStrike Stock Could Fall Further(Motley Fool),/news/146942/why-crowdstrike-stock-could-fall-further,04:10AM
MSFT,"Alvarez & Marsal to triple global capability centre headcount in India, top exec says(Reuters)",https://finance.yahoo.com/news/alvarez-marsal-triple-global-capability-044808877.html,12:48AM
MSFT,Microsoft AI Chief Warns Society Isnt Ready for 'Conscious' Machines(decrypt),https://finance.yahoo.com/m/d1b6110b-3276-32ac-bb2a-10a7e80af62d/microsoft-ai-chief-warns.html,Aug-21-25 08:46PM
MSFT,Musk Tried to Enlist Zuckerberg to Help Finance Bid for OpenAI(Bloomberg),https://finance.yahoo.com/news/musk-tried-enlist-zuckerberg-help-003711105.html,08:37PM
MSFT,"OpenAI CEO joins chorus of industry experts warning about ""AI bubble""(TheStreet)",https://finance.yahoo.com/m/a72acfec-68bd-3847-ad1e-c7f5caef9ce8/openai-ceo-joins-chorus-of.html,08:00PM
MSFT,Microsoft's AI Hits The NFL Sidelines(GuruFocus.com),https://finance.yahoo.com/news/microsofts-ai-hits-nfl-sidelines-214848717.html,05:48PM
MSFT,Sony is hiking PS5 console prices. Here's what we know.(Yahoo Finance Video),https://finance.yahoo.com/video/sony-hiking-ps5-console-prices-210744550.html,05:07PM
MSFT,Microsoft Locks Out Chinese Partners From Cybersecurity Program(GuruFocus.com),https://finance.yahoo.com/news/microsoft-locks-chinese-partners-cybersecurity-195414098.html,03:54PM
MSFT,This is the critical detail that could unravel the AI trade: Nobody is paying for it.(MarketWatch),https://www.marketwatch.com/story/this-is-the-critical-detail-that-could-unravel-the-ai-trade-nobody-is-paying-for-it-be09e253?mod=mw_FV,03:27PM
MSFT,Wall Street Races to Lift Nvidia Price Targets Ahead of Earnings(Bloomberg),https://finance.yahoo.com/news/wall-street-races-lift-nvidia-181236630.html,02:12PM
MSFT,Tech Is Getting Beat Up. But This Isn't 2000 All Over Again.(Barrons.com),https://www.barrons.com/articles/tech-stocks-dot-com-bubble-nvidia-palantir-meta-5b92aede?mod=bar_FV,02:01PM
MSFT,Microsoft AI chief says its dangerous to study AI consciousness(TechCrunch),https://finance.yahoo.com/news/microsoft-ai-chief-says-dangerous-175253304.html,01:52PM
MSFT,An MIT report that 95% of AI pilots fail spooked investors. But its the reason why those pilots failed that should make the C-suite anxious(Fortune),https://finance.yahoo.com/news/mit-report-95-ai-pilots-165754716.html,12:57PM
MSFT,Minnesota joins other states suing TikTok over child exploitation claims as divestment ban looms(Yahoo Finance),https://finance.yahoo.com/news/minnesota-joins-other-states-suing-tiktok-over-child-exploitation-claims-as-divestment-ban-looms-160611032.html,12:06PM
MSFT,Alibaba Doubles Down on AI Margins: Time to Hold or Cut Your Losses?(Zacks),/news/146686/alibaba-doubles-down-on-ai-margins-time-to-hold-or-cut-your-losses,12:06PM
MSFT,The Market Can't Stop Leaning on Big Tech. It Could Stall the Rally.(Barrons.com),https://www.barrons.com/articles/market-breadth-tech-stock-rally-16958640?mod=bar_FV,11:15AM
MSFT,Sony raises the price of the Playstation 5 in the US(Associated Press Finance),https://finance.yahoo.com/news/sony-raises-price-playstation-5-133748146.html,09:37AM
MSFT,Meta Might Have Frozen AI Hiring. Is It a Warning to Artificial Intelligence Stocks?(Barrons.com),https://www.barrons.com/articles/meta-ai-hiring-freeze-stock-price-e4e9f0fb?mod=bar_FV,08:33AM
